features_ID,bedrooms,squareFootage,bathrooms,lotSize,features
0,0.0,0.0,0.0,0.0,{}
1,2.0,1530.0,1.5,1200.0,"{'architectureType': 'Row End or Row Middle', 'exteriorType': 'Other', 'floorCount': 2, 'heating': True, 'heatingType': 'Central', 'roofType': 'Shingle', 'roomCount': 6, 'unitCount': 1}"
2,0.0,0.0,0.0,0.0,{}
3,4.0,3902.0,2.0,43560.0,"{'architectureType': 'Conventional', 'cooling': True, 'coolingType': 'Commercial', 'exteriorType': 'Brick', 'fireplace': True, 'floorCount': 2, 'garage': True, 'garageSpaces': 2, 'garageType': 'Attached', 'heating': True, 'heatingType': 'Forced Air', 'roofType': 'Composition Shingle', 'roomCount': 8}"
4,3.0,1500.0,2.0,20473.0,"{'cooling': True, 'coolingType': 'Commercial', 'exteriorType': 'OTHER', 'fireplace': True, 'floorCount': 1, 'foundationType': 'Slab / Mat / Raft', 'garage': True, 'garageType': 'Mixed', 'heating': True, 'heatingType': 'Forced Air', 'roofType': 'Asphalt', 'roomCount': 6, 'unitCount': 1}"
5,3.0,1392.0,1.5,3780.0,"{'floorCount': 1, 'garage': True, 'garageType': 'Undefined Type', 'cooling': True, 'coolingType': 'Central', 'heatingType': 'Forced Air', 'architectureType': 'Traditional', 'roomCount': 5, 'exteriorType': 'Hardboard/plywood', 'roofType': 'Composition Shingle'}"
6,0.0,0.0,0.0,0.0,{}
7,0.0,0.0,0.0,0.0,{}
8,5.0,2842.0,2.5,0.0,unknown
9,3.0,1580.0,2.0,6774.0,unknown
10,2.0,30000.0,1.0,0.0,unknown
11,0.0,0.0,0.0,0.0,{}
12,3.0,1609.0,3.5,1696.0,"{'cooling': True, 'coolingType': 'Central', 'exteriorType': 'Aluminum / Vinyl Siding', 'fireplace': True, 'floorCount': 2, 'garage': True, 'garageSpaces': 2, 'garageType': 'Attached', 'heating': True, 'heatingType': 'Central', 'roomCount': 7, 'unitCount': 1}"
13,0.0,0.0,0.0,0.0,{}
14,4.0,2844.0,3.5,0.0,unknown
15,3.0,1417.0,2.0,18731.0,"{'architectureType': 'Ranch', 'cooling': True, 'coolingType': 'Central', 'exteriorType': 'Brick', 'fireplace': True, 'floorCount': 1, 'foundationType': 'Raised', 'garage': True, 'garageSpaces': 2, 'garageType': 'Carport', 'heating': True, 'heatingType': 'Forced Air', 'roomCount': 6, 'unitCount': 1}"
16,2.0,1364.0,2.0,0.0,"{'architectureType': 'Other', 'cooling': True, 'coolingType': 'Central', 'exteriorType': 'Brick / Stone', 'fireplace': True, 'fireplaceType': 'Single', 'floorCount': 2, 'foundationType': 'Slab / Mat / Raft', 'garage': True, 'garageSpaces': 2, 'garageType': 'Attached', 'heating': True, 'heatingType': 'Central', 'roofType': 'Composition Shingle', 'unitCount': 1}"
17,0.0,938.0,2.0,0.0,"{'architectureType': 'Mobile Home', 'heating': True, 'heatingType': 'Forced Air', 'roofType': 'Metal', 'unitCount': 1}"
18,0.0,0.0,0.0,8276.0,{}
19,4.0,1568.0,2.0,431244.0,"{'cooling': True, 'exteriorType': 'Siding', 'floorCount': 1, 'foundationType': 'Footing, Continuous / Strip', 'roofType': 'Metal', 'roomCount': 6, 'unitCount': 1}"
20,3.0,1456.0,1.5,9583.0,"{'architectureType': 'Colonial', 'exteriorType': 'Brick', 'fireplace': True, 'floorCount': 2, 'roofType': 'Asphalt', 'roomCount': 6, 'unitCount': 1}"
21,3.0,1222.0,2.0,4452.0,"{'cooling': True, 'coolingType': 'Central', 'exteriorType': 'Brick / Stone', 'fireplace': True, 'fireplaceType': 'Prefab', 'floorCount': 1, 'garage': True, 'garageSpaces': 1, 'garageType': 'Attached', 'heating': True, 'heatingType': 'Central', 'roomCount': 5}"
22,2.0,936.0,1.0,53143.0,"{'architectureType': 'Ranch', 'exteriorType': 'Other', 'floorCount': 1, 'foundationType': 'Raised', 'roomCount': 5}"
23,0.0,1104.0,2.0,5227.0,"{'architectureType': 'Conventional', 'cooling': True, 'coolingType': 'Central', 'exteriorType': 'Aluminum / Vinyl Siding', 'floorCount': 1, 'heating': True, 'heatingType': 'Central', 'unitCount': 1}"
24,4.0,2984.0,2.5,17402.0,"{'architectureType': 'Traditional', 'cooling': True, 'coolingType': 'Central', 'exteriorType': 'Brick', 'fireplace': True, 'floorCount': 2, 'foundationType': 'Slab / Mat / Raft', 'garage': True, 'garageType': 'Attached', 'heating': True, 'heatingType': 'Central', 'roomCount': 6, 'unitCount': 1}"
25,2.0,900.0,1.0,20998.0,{}
26,4.0,2904.0,4.0,104544.0,"{'cooling': True, 'coolingType': 'Commercial', 'exteriorType': 'Brick', 'fireplace': True, 'floorCount': 1, 'foundationType': 'Slab / Mat / Raft', 'garage': True, 'garageType': 'Attached', 'heating': True, 'heatingType': 'Forced Air', 'roofType': 'Composition Shingle', 'unitCount': 1}"
27,0.0,0.0,0.0,0.0,{}
28,0.0,0.0,0.0,0.0,{}
29,0.0,0.0,0.0,0.0,{}
30,3.0,1684.0,2.0,11064.0,"{'architectureType': 'Ranch', 'cooling': True, 'coolingType': 'Central', 'exteriorType': 'Stucco', 'floorCount': 1, 'garage': True, 'garageType': 'Attached', 'heating': True, 'heatingType': 'Forced Air', 'roofType': 'Asphalt', 'unitCount': 1}"
31,0.0,0.0,0.0,0.0,{}
32,2.0,1095.0,1.0,11326.0,"{'architectureType': 'Other', 'cooling': True, 'coolingType': 'Central', 'exteriorType': 'Aluminum / Vinyl Siding', 'floorCount': 1, 'foundationType': 'Crawl / Raised', 'garage': True, 'garageSpaces': 1, 'garageType': 'Garage', 'heating': True, 'heatingType': 'Electric', 'roofType': 'Composition Shingle', 'roomCount': 6, 'unitCount': 1}"
33,5.0,3647.0,4.0,16117.0,"{'exteriorType': 'Other', 'fireplace': True, 'floorCount': 2, 'heating': True, 'heatingType': 'Central'}"
34,0.0,0.0,0.0,0.0,{}
35,4.0,1748.0,2.0,19907.0,"{'architectureType': 'Split Level', 'cooling': True, 'coolingType': 'Central', 'exteriorType': 'Wood', 'fireplace': True, 'fireplaceType': 'Prefab', 'floorCount': 2, 'foundationType': 'Masonry', 'garage': True, 'garageType': 'Basement', 'heating': True, 'heatingType': 'Central', 'roofType': 'Asphalt Shingle', 'unitCount': 1}"
36,3.0,5210.0,4.0,65460.0,"{'architectureType': 'Conventional', 'cooling': True, 'coolingType': 'Central', 'exteriorType': 'Masonry', 'fireplace': True, 'floorCount': 2, 'garage': True, 'garageType': 'Garage', 'heating': True, 'heatingType': 'Central', 'pool': True, 'roomCount': 9, 'unitCount': 1}"
37,3.0,1338.0,2.0,6098.0,"{'architectureType': 'Conventional', 'cooling': True, 'coolingType': 'Central', 'exteriorType': 'Brick Veneer', 'fireplace': True, 'fireplaceType': 'Single', 'floorCount': 1, 'garage': True, 'garageType': 'Garage', 'heating': True, 'heatingType': 'Central', 'roomCount': 5, 'unitCount': 1}"
38,3.0,1200.0,1.0,0.0,{}
39,4.0,2094.0,2.5,6895.0,"{'architectureType': 'Conventional', 'exteriorType': 'Aluminum / Vinyl Siding', 'fireplace': True, 'fireplaceType': 'Single', 'floorCount': 2, 'garage': True, 'garageType': 'Attached', 'heating': True, 'heatingType': 'Baseboard', 'roofType': 'Composition Shingle', 'unitCount': 1, 'viewType': 'River'}"
40,4.0,1820.0,2.0,27704.0,"{'cooling': True, 'coolingType': 'Central', 'exteriorType': 'Aluminum / Vinyl Siding', 'fireplace': True, 'fireplaceType': '2 Story', 'floorCount': 2, 'foundationType': 'Raised', 'garage': True, 'garageType': 'Attached', 'heating': True, 'heatingType': 'Central', 'roofType': 'Composition Shingle', 'roomCount': 7, 'unitCount': 1}"
41,0.0,0.0,0.0,0.0,unknown
42,3.0,1983.0,2.0,7915.0,"{'exteriorType': 'Stucco', 'floorCount': 1, 'foundationType': 'OTHER', 'garage': True, 'garageType': 'Attached', 'roofType': 'Shingle', 'unitCount': 1}"
43,0.0,1224.0,2.0,9240.0,"{'floorCount': 1, 'foundationType': 'OTHER', 'heating': True, 'heatingType': 'Floor / Wall', 'roofType': 'Composition Shingle', 'exteriorType': 'Wood'}"
44,3.0,1274.0,2.0,21700.0,"{'architectureType': 'Cape Cod', 'cooling': True, 'coolingType': 'Central', 'exteriorType': 'Aluminum / Vinyl Siding', 'fireplace': True, 'floorCount': 1, 'garage': True, 'garageSpaces': 1, 'garageType': 'Attached Garage', 'heating': True, 'heatingType': 'Central', 'roomCount': 6, 'unitCount': 1}"
45,3.0,1851.0,2.5,6805.0,"{'garage': True, 'garageSpaces': 3, 'garageType': 'Garage', 'unitCount': 1}"
46,3.0,1394.0,2.0,6970.0,"{'architectureType': 'Conventional', 'cooling': True, 'coolingType': 'Commercial', 'exteriorType': 'Other', 'fireplace': True, 'floorCount': 1, 'garage': True, 'garageType': 'Attached', 'heating': True, 'unitCount': 1}"
47,3.0,1400.0,1.5,7833.0,"{'fireplace': True, 'floorCount': 1, 'garage': True, 'garageType': 'Attached', 'heating': True, 'heatingType': 'Forced Air', 'unitCount': 1}"
48,3.0,970.0,2.0,7998.0,"{'cooling': True, 'coolingType': 'Central', 'floorCount': 1, 'garage': True, 'garageSpaces': 1, 'garageType': 'Carport', 'heating': True, 'heatingType': 'Central', 'unitCount': 1}"
49,4.0,1326.0,3.0,9583.0,"{'architectureType': 'A-Frame', 'cooling': True, 'coolingType': 'Commercial', 'exteriorType': 'Aluminum / Vinyl Siding', 'fireplace': True, 'floorCount': 1, 'foundationType': 'OTHER', 'garage': True, 'garageType': 'Attached', 'heating': True, 'heatingType': 'Forced Air', 'roofType': 'Asphalt', 'roomCount': 9, 'unitCount': 1}"
50,0.0,0.0,0.0,0.0,{}
51,0.0,0.0,0.0,0.0,{}
52,0.0,1452.0,2.0,3300.0,"{'architectureType': 'Townhouse', 'cooling': True, 'coolingType': 'Commercial', 'exteriorType': 'Brick', 'fireplace': True, 'floorCount': 2, 'garage': True, 'garageType': 'Garage', 'heating': True, 'heatingType': 'Forced Air', 'roofType': 'Built-up (Layered Asphalt)', 'unitCount': 2}"
53,2.0,1230.0,2.0,1210.0,"{'architectureType': 'Condo / Apartment', 'cooling': True, 'coolingType': 'Central', 'exteriorType': 'Stucco', 'floorCount': 1, 'heating': True, 'heatingType': 'Forced Air', 'roofType': 'Tile', 'roomCount': 4, 'unitCount': 1}"
54,3.0,1095.0,2.0,7500.0,"{'exteriorType': 'Concrete Block', 'floorCount': 1, 'garage': True, 'garageType': 'Garage', 'roofType': 'Other', 'unitCount': 1}"
55,2.0,1950.0,2.0,13927.0,"{'cooling': True, 'coolingType': 'Commercial', 'exteriorType': 'Brick', 'fireplace': True, 'fireplaceType': 'Prefab', 'floorCount': 2, 'foundationType': 'Slab / Mat / Raft', 'garage': True, 'garageType': 'Attached', 'heating': True, 'heatingType': 'Forced Air', 'roofType': 'Shingle', 'roomCount': 4, 'unitCount': 1}"
56,0.0,0.0,0.0,0.0,{}
57,4.0,1944.0,3.0,0.0,unknown
58,4.0,1862.0,2.0,8026.0,"{'architectureType': 'Duplex Single', 'exteriorType': 'Aluminum / Vinyl Siding', 'floorCount': 2, 'heating': True, 'heatingType': 'Hot Water', 'roofType': 'Asphalt', 'roomCount': 8, 'unitCount': 2}"
59,2.0,707.0,1.0,7440.0,"{'architectureType': 'Cottage', 'exteriorType': 'Aluminum / Vinyl Siding', 'floorCount': 1, 'heating': True, 'heatingType': 'Forced Air', 'roomCount': 5, 'unitCount': 1}"
60,5.0,3191.0,4.0,9105.0,"{'cooling': True, 'coolingType': 'Central', 'exteriorType': 'Stucco', 'floorCount': 2, 'foundationType': 'Slab / Mat / Raft', 'garage': True, 'garageType': 'Mixed', 'roofType': 'Tile'}"
61,3.0,1969.0,2.0,15769.0,"{'architectureType': 'Split Level', 'exteriorType': 'Siding', 'fireplace': True, 'floorCount': 2, 'garage': True, 'garageSpaces': 2, 'garageType': 'Attached', 'heating': True, 'heatingType': 'Baseboard', 'roomCount': 6, 'unitCount': 1}"
62,3.0,1950.0,2.0,9148.0,"{'architectureType': 'Ranch', 'cooling': True, 'coolingType': 'Package', 'exteriorType': 'Aluminum / Vinyl Siding', 'floorCount': 1, 'foundationType': 'Footing', 'garage': True, 'garageType': 'Attached', 'heating': True, 'heatingType': 'Central', 'roofType': 'Composition Shingle', 'unitCount': 1}"
63,4.0,2088.0,2.0,4500.0,"{'cooling': True, 'coolingType': 'Central', 'fireplace': True, 'fireplaceType': 'Single', 'floorCount': 2, 'garage': True, 'garageSpaces': 2, 'garageType': 'Attached', 'heating': True, 'heatingType': 'Central', 'unitCount': 1}"
64,0.0,0.0,0.0,0.0,{}
65,3.0,1690.0,2.0,10890.0,"{'architectureType': 'French Provincial', 'cooling': True, 'coolingType': 'Commercial', 'exteriorType': 'Brick', 'fireplace': True, 'floorCount': 1, 'foundationType': 'Slab / Mat / Raft', 'heating': True, 'heatingType': 'Forced Air', 'roofType': 'Asphalt'}"
66,4.0,3172.0,2.5,10193.0,"{'architectureType': 'Modern', 'cooling': True, 'coolingType': 'Central', 'exteriorType': 'Wood', 'fireplace': True, 'fireplaceType': 'Prefab', 'floorCount': 2, 'garage': True, 'garageType': 'Garage', 'heating': True, 'heatingType': 'Forced Air', 'roomCount': 8, 'unitCount': 1}"
67,0.0,0.0,0.0,0.0,{}
68,0.0,2292.0,2.5,5390.0,"{'cooling': True, 'coolingType': 'Central', 'exteriorType': 'Composition', 'fireplace': True, 'floorCount': 2, 'foundationType': 'OTHER', 'garage': True, 'garageType': 'Mixed', 'heating': True, 'heatingType': 'Central', 'roofType': 'Shingle', 'roomCount': 8, 'unitCount': 1}"
69,4.0,1883.0,3.0,5760.0,"{'architectureType': 'Modern', 'cooling': True, 'coolingType': 'Central', 'fireplace': True, 'floorCount': 2, 'garage': True, 'garageSpaces': 3, 'garageType': 'Attached', 'heating': True, 'heatingType': 'Central', 'roofType': 'Tile', 'roomCount': 7, 'unitCount': 1}"
70,0.0,0.0,0.0,0.0,{}
71,4.0,1340.0,2.0,4550.0,"{'architectureType': 'Cape Cod', 'cooling': True, 'coolingType': 'Central', 'exteriorType': 'Aluminum / Vinyl Siding', 'fireplace': True, 'floorCount': 2, 'foundationType': 'Raised', 'heating': True, 'heatingType': 'Heat Pump', 'roofType': 'Composition Shingle', 'roomCount': 6, 'unitCount': 1}"
72,3.0,2763.0,2.5,7599.0,"{'cooling': True, 'coolingType': 'Central', 'exteriorType': 'Aluminum / Vinyl Siding', 'fireplace': True, 'fireplaceType': 'Single', 'floorCount': 2, 'foundationType': 'Raised', 'garage': True, 'garageType': 'Garage', 'heating': True, 'heatingType': 'Forced Air', 'roofType': 'Asphalt', 'unitCount': 1}"
73,3.0,1087.0,1.0,9765.0,"{'cooling': True, 'coolingType': 'Central', 'floorCount': 1, 'garage': True, 'garageType': 'Garage', 'roomCount': 5, 'unitCount': 1}"
74,3.0,1200.0,2.0,39640.0,"{'architectureType': 'Ranch / Rambler', 'exteriorType': 'Brick', 'floorCount': 1, 'foundationType': 'Other', 'heating': True, 'heatingType': 'Hot Water', 'roofType': 'Asphalt', 'roomCount': 6, 'unitCount': 1}"
75,0.0,0.0,0.0,0.0,{}
76,1.0,708.0,1.0,99888.0,"{'architectureType': 'Condo / Apartment', 'unitCount': 1}"
77,5.0,3025.0,2.5,14196.0,"{'exteriorType': 'Wood', 'floorCount': 2, 'garage': True, 'garageSpaces': 2, 'garageType': 'Garage', 'unitCount': 1}"
78,3.0,1545.0,2.0,7196.0,"{'cooling': True, 'coolingType': 'Central', 'floorCount': 1, 'garage': True, 'garageSpaces': 2, 'garageType': 'Garage', 'heating': True, 'heatingType': 'Central', 'unitCount': 1}"
79,4.0,2492.0,2.5,8019.0,"{'cooling': True, 'coolingType': 'Central', 'exteriorType': 'Brick / Stone', 'fireplace': True, 'floorCount': 2, 'garage': True, 'garageType': 'Attached', 'roofType': 'Shingle', 'unitCount': 1}"
80,4.0,1860.0,3.5,871.0,"{'architectureType': 'Townhouse', 'cooling': True, 'coolingType': 'Central', 'exteriorType': 'Stone', 'fireplace': True, 'fireplaceType': 'Prefab', 'floorCount': 2, 'garage': True, 'garageType': 'Basement', 'heating': True, 'heatingType': 'Forced Air', 'roomCount': 7, 'unitCount': 1}"
81,0.0,1740.0,2.0,43124.0,"{'cooling': True, 'coolingType': 'Central', 'exteriorType': 'Brick Veneer', 'fireplace': True, 'fireplaceType': 'Masonry', 'floorCount': 1, 'foundationType': 'Slab / Mat / Raft', 'garage': True, 'garageSpaces': 2, 'garageType': 'Mixed', 'heating': True, 'heatingType': 'Central', 'roofType': 'Composition Shingle', 'unitCount': 1}"
82,2.0,3405.0,3.0,962240.0,"{'architectureType': 'Rambler', 'cooling': True, 'coolingType': 'Central', 'exteriorType': 'Wood', 'floorCount': 1, 'garage': True, 'garageType': 'Attached', 'heating': True, 'heatingType': 'Baseboard', 'roofType': 'Asphalt', 'unitCount': 1}"
83,3.0,2005.0,2.0,6216.0,"{'cooling': True, 'coolingType': 'Central', 'exteriorType': 'Stucco', 'floorCount': 2, 'foundationType': 'Slab / Mat / Raft', 'garage': True, 'garageType': 'Garage', 'pool': True, 'roofType': 'Tile', 'unitCount': 1}"
84,0.0,0.0,0.0,19602.0,{}
85,3.0,1463.0,1.0,4480.0,"{'architectureType': 'Colonial', 'exteriorType': 'Aluminum / Vinyl Siding', 'floorCount': 2, 'garage': True, 'garageSpaces': 1, 'garageType': 'Detached', 'heating': True, 'heatingType': 'Forced Air', 'roofType': 'Asphalt', 'roomCount': 7, 'unitCount': 1}"
86,5.0,4798.0,2.5,16988.0,"{'architectureType': 'Conventional', 'cooling': True, 'coolingType': 'Commercial', 'exteriorType': 'Brick', 'fireplace': True, 'floorCount': 2, 'garage': True, 'garageSpaces': 3, 'garageType': 'Attached', 'heating': True, 'heatingType': 'Forced Air', 'roofType': 'Composition Shingle', 'roomCount': 7, 'unitCount': 1}"
87,0.0,0.0,0.0,0.0,{}
88,4.0,2410.0,3.0,6600.0,"{'cooling': True, 'coolingType': 'Commercial', 'exteriorType': 'Brick Veneer', 'fireplace': True, 'foundationType': 'Slab / Mat / Raft', 'heating': True, 'roofType': 'Composition Shingle', 'garage': True, 'garageType': 'Garage'}"
89,4.0,1398.0,2.0,7405.0,"{'cooling': True, 'coolingType': 'Central', 'exteriorType': 'Wood Shingle', 'fireplace': True, 'fireplaceType': 'Prefab', 'floorCount': 1, 'foundationType': 'OTHER', 'heating': True, 'heatingType': 'Forced Air', 'roofType': 'Shingle', 'unitCount': 1}"
90,2.0,975.0,1.0,10019.0,"{'cooling': True, 'coolingType': 'Commercial', 'exteriorType': 'Aluminum / Vinyl Siding', 'fireplace': True, 'fireplaceType': 'Single', 'floorCount': 1, 'garage': True, 'garageType': 'Detached', 'heating': True, 'heatingType': 'Forced Air', 'roofType': 'Metal', 'roomCount': 4}"
91,3.0,1080.0,2.0,7170.0,"{'cooling': True, 'coolingType': 'Evaporative', 'exteriorType': 'Block', 'floorCount': 1, 'garage': True, 'garageSpaces': 1, 'garageType': 'Carport', 'heating': True, 'heatingType': 'Forced Air', 'roofType': 'Asphalt', 'roomCount': 5, 'unitCount': 1}"
92,3.0,1310.0,2.0,4792.0,"{'cooling': True, 'coolingType': 'Central', 'exteriorType': 'Stucco', 'floorCount': 2, 'garage': True, 'garageType': 'Built-in', 'heating': True, 'heatingType': 'Forced Air', 'roofType': 'Tile', 'roomCount': 6, 'unitCount': 1}"
93,0.0,2797.0,4.0,6500.0,"{'architectureType': 'Colonial', 'cooling': True, 'coolingType': 'Central', 'exteriorType': 'Wood', 'fireplace': True, 'floorCount': 2, 'foundationType': 'OTHER', 'garage': True, 'garageSpaces': 1, 'garageType': 'Garage', 'heating': True, 'heatingType': 'Central', 'roofType': 'Slate', 'roomCount': 5, 'unitCount': 1}"
94,4.0,1896.0,2.0,17200.0,"{'architectureType': 'Colonial', 'cooling': True, 'coolingType': 'Central', 'exteriorType': 'Aluminum / Vinyl Siding', 'fireplace': True, 'fireplaceType': 'Single', 'floorCount': 2, 'garage': True, 'garageType': 'Attached', 'heating': True, 'heatingType': 'Gas', 'roomCount': 8, 'unitCount': 1}"
95,2.0,624.0,1.0,0.0,"{'architectureType': 'Mobile Home', 'cooling': True, 'coolingType': 'Central', 'exteriorType': 'Aluminum / Vinyl Siding', 'floorCount': 1, 'heating': True, 'heatingType': 'Baseboard', 'roofType': 'Metal'}"
96,0.0,0.0,0.0,0.0,{}
97,0.0,0.0,0.0,0.0,{}
98,3.0,1263.0,2.0,2736.0,"{'cooling': True, 'coolingType': 'Central', 'exteriorType': 'Stucco', 'floorCount': 1, 'foundationType': 'Slab / Mat / Raft', 'heating': True, 'heatingType': 'Central', 'roofType': 'Tile', 'architectureType': 'Condo / Apartment'}"
99,0.0,0.0,0.0,0.0,{}
100,3.0,880.0,1.0,8060.0,"{'architectureType': 'Ranch', 'cooling': True, 'coolingType': 'Central', 'exteriorType': 'Brick', 'floorCount': 1, 'garage': True, 'garageType': 'Attached', 'heating': True, 'heatingType': 'Central'}"
101,0.0,0.0,0.0,0.0,{}
102,0.0,0.0,0.0,0.0,{}
103,2.0,1236.0,2.0,0.0,unknown
104,0.0,0.0,0.0,0.0,{}
105,3.0,1564.0,2.0,6279.0,"{'exteriorType': 'Concrete Block', 'floorCount': 1, 'roofType': 'Other', 'unitCount': 1}"
106,2.0,1022.0,1.0,0.0,unknown
107,0.0,0.0,0.0,0.0,{}
108,1.0,633.0,1.0,632.0,"{'architectureType': 'Condo / Apartment', 'cooling': True, 'coolingType': 'Central', 'exteriorType': 'Other', 'fireplace': True, 'floorCount': 1, 'heating': True, 'heatingType': 'Forced Air', 'roomCount': 3, 'unitCount': 1, 'foundationType': 'Raised'}"
109,4.0,1800.0,2.0,6970.0,"{'architectureType': 'Single Story', 'cooling': True, 'coolingType': 'Central', 'exteriorType': 'Stucco', 'fireplace': True, 'floorCount': 1, 'garage': True, 'garageSpaces': 1, 'garageType': 'Attached', 'heating': True, 'heatingType': 'Forced Air', 'roofType': 'Tile', 'roomCount': 7, 'unitCount': 1}"
110,2.0,1188.0,2.0,0.0,"{'architectureType': 'Condo / Apartment', 'cooling': True, 'coolingType': 'Central', 'exteriorType': 'Stucco', 'fireplace': True, 'floorCount': 2, 'foundationType': 'Slab / Mat / Raft', 'garage': True, 'garageType': 'Attached', 'heating': True, 'heatingType': 'Central', 'roofType': 'Composition Shingle', 'roomCount': 5, 'unitCount': 2}"
111,3.0,1392.0,2.0,6159.0,"{'cooling': True, 'coolingType': 'Central', 'exteriorType': 'Aluminum / Vinyl Siding', 'fireplace': True, 'floorCount': 1, 'foundationType': 'Crawl / Raised', 'garage': True, 'garageSpaces': 2, 'garageType': 'Detached Garage', 'heating': True, 'heatingType': 'Central', 'roomCount': 6, 'unitCount': 1}"
112,3.0,1266.0,2.0,9450.0,"{'cooling': True, 'coolingType': 'Central', 'floorCount': 1, 'garage': True, 'garageSpaces': 2, 'garageType': 'Attached', 'heating': True, 'heatingType': 'Central', 'roofType': 'Asphalt', 'roomCount': 5}"
113,0.0,0.0,0.0,0.0,{}
114,3.0,1888.0,2.5,9233.0,"{'architectureType': 'Split Level', 'cooling': True, 'coolingType': 'Commercial', 'exteriorType': 'Aluminum / Vinyl Siding', 'floorCount': 2, 'garage': True, 'garageSpaces': 1, 'garageType': 'Attached', 'heating': True, 'heatingType': 'Heat Pump', 'roofType': 'Composition Shingle', 'roomCount': 7, 'unitCount': 1}"
115,3.0,1635.0,2.0,8921.0,"{'cooling': True, 'coolingType': 'Central', 'floorCount': 1, 'garage': True, 'garageSpaces': 2, 'garageType': 'Garage', 'heating': True, 'heatingType': 'Central', 'unitCount': 1}"
116,3.0,1643.0,2.0,9601.0,"{'architectureType': 'Traditional', 'cooling': True, 'coolingType': 'Central', 'exteriorType': 'Brick Veneer', 'fireplace': True, 'floorCount': 1, 'foundationType': 'Slab / Mat / Raft', 'garage': True, 'garageSpaces': 1, 'garageType': 'Detached', 'heating': True, 'heatingType': 'Central', 'roomCount': 6, 'unitCount': 1}"
117,3.0,1267.0,2.0,11199.0,"{'exteriorType': 'Stucco', 'floorCount': 1, 'foundationType': 'OTHER', 'garage': True, 'garageType': 'Attached', 'roofType': 'Shingle', 'unitCount': 1}"
118,3.0,1188.0,2.0,7686.0,"{'cooling': True, 'coolingType': 'Central', 'fireplace': True, 'floorCount': 1, 'foundationType': 'Raised', 'garage': True, 'garageSpaces': 2, 'garageType': 'Attached', 'heating': True, 'heatingType': 'Central', 'roofType': 'Asphalt', 'roomCount': 5}"
119,3.0,3045.0,2.0,0.0,"{'architectureType': 'Condo / Apartment', 'garage': True, 'garageType': 'Garage', 'roomCount': 7, 'unitCount': 1}"
120,1.0,758.0,1.5,0.0,unknown
121,3.0,285.0,2.0,10494.0,"{'cooling': True, 'coolingType': 'Commercial', 'pool': True, 'poolType': 'Pool and Hot Tub / Spa', 'unitCount': 1}"
122,3.0,3057.0,3.5,8721.0,"{'garage': True, 'garageType': 'Garage', 'pool': True, 'cooling': True, 'exteriorType': 'Stucco', 'floorCount': 1, 'heating': True, 'heatingType': 'Forced Air', 'roofType': 'Tile', 'coolingType': 'Commercial'}"
123,3.0,1915.0,2.5,0.0,unknown
124,3.0,3561.0,4.5,27966.0,"{'architectureType': 'Conventional', 'cooling': True, 'coolingType': 'Central', 'exteriorType': 'Brick / Stone', 'fireplace': True, 'floorCount': 2, 'garage': True, 'garageSpaces': 5, 'garageType': 'Garage', 'heating': True, 'heatingType': 'Baseboard', 'roomCount': 7, 'unitCount': 1}"
125,4.0,1808.0,2.0,6534.0,"{'cooling': True, 'exteriorType': 'Other', 'floorCount': 2, 'foundationType': 'OTHER', 'garage': True, 'garageSpaces': 2, 'garageType': 'Built-in', 'heating': True, 'roofType': 'Composition Shingle', 'coolingType': 'Commercial'}"
126,4.0,2282.0,3.0,4356.0,{'floorCount': 2}
127,3.0,1424.0,2.0,21780.0,"{'architectureType': 'Mobile Home', 'floorCount': 1, 'unitCount': 1}"
128,3.0,1455.0,2.0,8775.0,"{'cooling': True, 'coolingType': 'Commercial', 'exteriorType': 'Brick', 'fireplace': True, 'fireplaceType': 'Prefab', 'floorCount': 1, 'foundationType': 'Slab / Mat / Raft', 'garage': True, 'garageType': 'Attached', 'heating': True, 'heatingType': 'Forced Air', 'roofType': 'Shingle', 'roomCount': 6, 'unitCount': 1}"
129,4.0,1800.0,3.0,0.0,"{'cooling': True, 'coolingType': 'Commercial', 'fireplace': True, 'floorCount': 2, 'foundationType': 'Slab / Mat / Raft', 'heating': True, 'roomCount': 7, 'unitCount': 1, 'garage': True, 'garageType': 'Garage'}"
130,4.0,2920.0,2.0,17729.0,"{'architectureType': 'Two Family', 'exteriorType': 'Aluminum / Vinyl Siding', 'floorCount': 2, 'garage': True, 'garageType': 'Detached', 'heating': True, 'heatingType': 'Forced Air', 'pool': True, 'roofType': 'Asphalt', 'roomCount': 11, 'unitCount': 2}"
131,5.0,1862.0,2.0,10000.0,{'unitCount': 1}
132,5.0,2490.0,2.0,4950.0,"{'architectureType': 'Split Level', 'cooling': True, 'coolingType': 'Commercial', 'exteriorType': 'Brick / Stone', 'floorCount': 2, 'garage': True, 'garageSpaces': 1, 'garageType': 'Attached', 'roofType': 'Shingle', 'unitCount': 1}"
133,3.0,1928.0,3.0,0.0,unknown
134,0.0,0.0,0.0,0.0,{}
135,0.0,0.0,0.0,0.0,{}
136,0.0,0.0,0.0,0.0,{}
137,3.0,1108.0,1.0,3060.0,"{'architectureType': 'Traditional', 'exteriorType': 'Aluminum / Vinyl Siding', 'floorCount': 2, 'garage': True, 'garageSpaces': 1, 'garageType': 'Detached', 'heating': True, 'heatingType': 'Forced Air', 'unitCount': 1}"
138,4.0,5192.0,2.5,28314.0,"{'architectureType': 'Conventional', 'cooling': True, 'coolingType': 'Commercial', 'exteriorType': 'Brick', 'fireplace': True, 'floorCount': 2, 'garage': True, 'garageType': 'Attached', 'heating': True, 'heatingType': 'Forced Air', 'roofType': 'Composition Shingle', 'roomCount': 11, 'unitCount': 1}"
139,0.0,0.0,0.0,0.0,{}
140,2.0,770.0,1.0,5227.0,unknown
141,0.0,0.0,0.0,0.0,{}
142,2.0,1624.0,2.0,3920.0,"{'architectureType': 'Ranch / Rambler', 'cooling': True, 'coolingType': 'Central', 'exteriorType': 'Wood', 'floorCount': 1, 'heating': True, 'heatingType': 'Central', 'roomCount': 6, 'unitCount': 2}"
143,1.0,722.0,1.0,38400.0,unknown
144,0.0,3065.0,0.0,43560.0,"{'fireplace': True, 'garage': True, 'garageSpaces': 2, 'garageType': 'Garage'}"
145,2.0,836.0,1.0,8176.0,"{'architectureType': 'Duplex', 'cooling': True, 'coolingType': 'Central', 'exteriorType': 'Brick', 'floorCount': 1, 'heating': True, 'heatingType': 'Central', 'roomCount': 5}"
146,0.0,2204.0,0.0,7950.0,"{'cooling': True, 'coolingType': 'Central', 'exteriorType': 'Stucco', 'floorCount': 1, 'foundationType': 'Slab / Mat / Raft', 'garage': True, 'garageSpaces': 2, 'garageType': 'Garage', 'roofType': 'Tile', 'unitCount': 1}"
147,0.0,0.0,0.0,0.0,{}
148,3.0,1816.0,2.5,8690.0,"{'cooling': True, 'coolingType': 'Central', 'exteriorType': 'Wood', 'floorCount': 1, 'foundationType': 'Footing', 'garage': True, 'garageType': 'Garage', 'heating': True, 'heatingType': 'Central', 'pool': True, 'poolType': 'Pool and Hot Tub / Spa', 'roofType': 'Composition Shingle', 'unitCount': 1}"
149,0.0,0.0,0.0,0.0,{}
150,3.0,1080.0,2.0,34500.0,"{'architectureType': 'Conventional', 'cooling': True, 'coolingType': 'Commercial', 'exteriorType': 'Block', 'fireplace': True, 'floorCount': 1, 'garage': True, 'garageSpaces': 1, 'garageType': 'Carport', 'heating': True, 'heatingType': 'Forced Air', 'roofType': 'Composition Shingle', 'unitCount': 1}"
151,3.0,1663.0,2.0,5706.0,"{'cooling': True, 'coolingType': 'Central', 'exteriorType': 'Aluminum / Vinyl Siding', 'fireplace': True, 'floorCount': 1, 'garage': True, 'garageType': 'Attached', 'heating': True, 'heatingType': 'Central', 'roofType': 'Composition Shingle', 'roomCount': 4, 'unitCount': 1, 'architectureType': 'Split Level'}"
152,4.0,1842.0,2.0,6534.0,"{'fireplace': True, 'fireplaceType': 'Single', 'floorCount': 1, 'garage': True, 'garageSpaces': 2, 'garageType': 'Attached', 'heating': True, 'heatingType': 'Floor / Wall', 'unitCount': 1, 'cooling': True, 'coolingType': 'Commercial'}"
153,0.0,0.0,0.0,0.0,{}
154,0.0,4914.0,3.5,3712.0,"{'architectureType': 'Two Family', 'cooling': True, 'coolingType': 'Commercial', 'exteriorType': 'Brick / Stone', 'floorCount': 2, 'roofType': 'Shingle (Not Wood)', 'unitCount': 1}"
155,3.0,1422.0,2.0,5934.0,"{'cooling': True, 'coolingType': 'Refrigeration', 'exteriorType': 'Wood', 'floorCount': 1, 'garage': True, 'garageSpaces': 2, 'garageType': 'Garage', 'heating': True, 'heatingType': 'Forced Air', 'roofType': 'Tile', 'roomCount': 6, 'unitCount': 1}"
156,230.0,1438.0,115.0,6599.0,"{'cooling': True, 'exteriorType': 'Concrete Block', 'floorCount': 1, 'roofType': 'Built-up (Layered Asphalt)'}"
157,0.0,1125.0,0.0,3850.0,"{'floorCount': 2, 'garage': True, 'garageType': 'Garage', 'unitCount': 1}"
158,3.0,1377.0,2.0,4095.0,"{'architectureType': 'Conventional', 'cooling': True, 'coolingType': 'Central', 'exteriorType': 'Brick Veneer', 'fireplace': True, 'fireplaceType': 'Single', 'floorCount': 1, 'garage': True, 'garageType': 'Garage', 'heating': True, 'heatingType': 'Central', 'roomCount': 5, 'unitCount': 1}"
159,3.0,1016.0,1.0,6098.0,unknown
160,4.0,1214.0,1.0,10019.0,unknown
161,3.0,801.0,2.0,6250.0,"{'architectureType': 'Ranch / Rambler', 'exteriorType': 'Aluminum / Vinyl Siding', 'floorCount': 1, 'foundationType': 'Concrete', 'garage': True, 'garageSpaces': 1, 'garageType': 'Detached Garage', 'heating': True, 'heatingType': 'Forced Air', 'roofType': 'Composition Shingle', 'roomCount': 5, 'unitCount': 1}"
162,3.0,2196.0,2.0,11610.0,"{'architectureType': 'Conventional', 'cooling': True, 'coolingType': 'Commercial', 'floorCount': 1, 'garage': True, 'garageSpaces': 1, 'garageType': 'Garage', 'heating': True, 'heatingType': 'Central', 'roomCount': 9, 'unitCount': 1}"
163,0.0,0.0,0.0,0.0,{}
164,0.0,1152.0,0.0,5001.0,"{'exteriorType': 'Wood', 'floorCount': 1, 'unitCount': 1}"
165,1.0,1427.0,1.0,5401.0,"{'architectureType': 'Conventional', 'exteriorType': 'OTHER', 'floorCount': 2, 'foundationType': 'Raised', 'heating': True, 'heatingType': 'Central', 'roofType': 'Composition Shingle'}"
166,3.0,1062.0,1.0,7196.0,"{'cooling': True, 'coolingType': 'Commercial', 'floorCount': 1, 'garage': True, 'garageSpaces': 1, 'garageType': 'Garage', 'heating': True, 'unitCount': 1}"
167,2.0,816.0,1.0,5750.0,"{'architectureType': 'Ranch', 'cooling': True, 'coolingType': 'Central', 'exteriorType': 'Aluminum / Vinyl Siding', 'floorCount': 1, 'garage': True, 'garageType': 'Detached', 'heating': True, 'heatingType': 'Forced Air', 'roofType': 'Asphalt', 'roomCount': 4, 'unitCount': 1, 'foundationType': 'OTHER'}"
168,0.0,0.0,0.0,0.0,unknown
169,0.0,2112.0,0.0,3782.0,"{'architectureType': 'Duplex', 'floorCount': 2, 'unitCount': 2}"
170,2.0,1578.0,2.0,0.0,"{'architectureType': 'Townhouse', 'cooling': True, 'coolingType': 'Central', 'exteriorType': 'Brick', 'fireplace': True, 'floorCount': 1, 'heating': True, 'heatingType': 'Forced Air', 'roofType': 'Slate', 'roomCount': 6, 'unitCount': 1}"
171,3.0,1050.0,1.0,9148.0,"{'architectureType': 'Ranch', 'exteriorType': 'Asbestos Shingle', 'floorCount': 1, 'foundationType': 'Other', 'heating': True, 'heatingType': 'Forced Air', 'roofType': 'Asphalt', 'roomCount': 6, 'unitCount': 1}"
172,3.0,2917.0,0.0,19200.0,"{'exteriorType': 'Brick Veneer', 'foundationType': 'Slab / Mat / Raft', 'roofType': 'Shingle', 'roomCount': 8}"
173,4.0,2592.0,2.0,0.0,unknown
174,4.0,2350.0,2.0,14201.0,"{'cooling': True, 'coolingType': 'Central', 'exteriorType': 'Aluminum / Vinyl Siding', 'floorCount': 2, 'heating': True, 'heatingType': 'Central', 'roofType': 'Composition Shingle', 'roomCount': 8, 'unitCount': 1}"
175,4.0,3885.0,4.5,10000.0,"{'cooling': True, 'coolingType': 'Central', 'exteriorType': 'Brick Veneer', 'fireplace': True, 'floorCount': 2, 'heating': True, 'heatingType': 'Central', 'roofType': 'Composition Shingle', 'unitCount': 1}"
176,4.0,2032.0,2.0,16705.0,"{'cooling': True, 'coolingType': 'Central', 'exteriorType': 'Brick Veneer', 'fireplace': True, 'fireplaceType': 'Single', 'floorCount': 1, 'foundationType': 'Raised', 'garage': True, 'garageType': 'Garage', 'heating': True, 'heatingType': 'Forced Air', 'roofType': 'Asphalt', 'roomCount': 7, 'unitCount': 1}"
177,2.0,1676.0,2.0,2614.0,"{'cooling': True, 'coolingType': 'Central', 'fireplace': True, 'floorCount': 1, 'foundationType': 'Slab / Mat / Raft', 'garage': True, 'garageSpaces': 2, 'garageType': 'Garage', 'heating': True, 'heatingType': 'Central', 'roofType': 'Wood Shingle', 'roomCount': 5, 'unitCount': 1}"
178,0.0,0.0,0.0,0.0,unknown
179,3.0,2064.0,2.5,6534.0,"{'unitCount': 1, 'cooling': True, 'coolingType': 'Central', 'exteriorType': 'Aluminum / Vinyl Siding', 'floorCount': 2, 'heating': True, 'heatingType': 'Forced Air'}"
180,0.0,1314.0,1.0,3049.0,"{'exteriorType': 'Wood Siding', 'floorCount': 1, 'heating': True, 'heatingType': 'Forced Air', 'roofType': 'Asphalt', 'unitCount': 1}"
181,0.0,0.0,0.0,6098.0,unknown
182,0.0,1045.0,0.0,0.0,{'architectureType': 'Condo / Apartment'}
183,0.0,0.0,0.0,0.0,{}
184,4.0,2100.0,2.0,26570.0,"{'architectureType': 'Duplex', 'unitCount': 2}"
185,4.0,3011.0,3.0,5998.0,"{'cooling': True, 'coolingType': 'Central', 'exteriorType': 'Brick Veneer', 'floorCount': 2, 'foundationType': 'Slab / Mat / Raft', 'garage': True, 'garageType': 'Attached', 'heating': True, 'heatingType': 'Central', 'roomCount': 8}"
186,3.0,1084.0,1.0,6370.0,"{'architectureType': 'Bungalow', 'cooling': True, 'coolingType': 'Central', 'exteriorType': 'Brick / Stone', 'floorCount': 1, 'garage': True, 'garageSpaces': 1, 'garageType': 'Detached', 'roofType': 'Shingle', 'unitCount': 1}"
187,2.0,1006.0,1.0,36155.0,unknown
188,4.0,1635.0,2.5,8276.0,"{'architectureType': 'Colonial', 'cooling': True, 'coolingType': 'Central', 'exteriorType': 'Aluminum / Vinyl Siding', 'fireplace': True, 'floorCount': 2, 'foundationType': 'Raised', 'garage': True, 'garageSpaces': 2, 'garageType': 'Garage', 'heating': True, 'heatingType': 'Forced Air', 'roofType': 'Composition Shingle', 'roomCount': 8, 'unitCount': 1}"
189,2.0,1734.0,2.0,0.0,"{'architectureType': 'Condo / Apartment', 'floorCount': 1, 'garage': True, 'garageType': 'Garage', 'roofType': 'Metal'}"
190,4.0,1666.0,2.0,6000.0,"{'floorCount': 1, 'garage': True, 'garageSpaces': 2, 'garageType': 'Garage', 'roomCount': 8, 'unitCount': 1}"
191,5.0,2748.0,3.0,0.0,unknown
192,5.0,6068.0,5.0,25265.0,"{'architectureType': 'Conventional', 'cooling': True, 'coolingType': 'Commercial', 'exteriorType': 'Brick', 'fireplace': True, 'floorCount': 2, 'garage': True, 'garageSpaces': 2, 'garageType': 'Attached', 'heating': True, 'heatingType': 'Forced Air', 'roofType': 'Composition Shingle', 'roomCount': 9, 'unitCount': 1}"
193,0.0,0.0,0.0,0.0,{}
194,0.0,1554.0,3.0,4008.0,"{'cooling': True, 'coolingType': 'Refrigeration', 'exteriorType': 'Stucco', 'floorCount': 2, 'garage': True, 'garageSpaces': 2, 'garageType': 'Garage', 'heating': True, 'roofType': 'Concrete Tile', 'unitCount': 1}"
195,0.0,0.0,0.0,0.0,unknown
196,0.0,2248.0,0.0,0.0,"{'architectureType': 'Condo / Apartment', 'floorCount': 2, 'unitCount': 1}"
197,0.0,0.0,0.0,0.0,{}
198,5.0,3443.0,3.0,6098.0,"{'cooling': True, 'coolingType': 'Central', 'exteriorType': 'Brick', 'fireplace': True, 'floorCount': 2, 'foundationType': 'Slab / Mat / Raft', 'garage': True, 'garageSpaces': 2, 'garageType': 'Attached', 'heating': True, 'heatingType': 'Central', 'roofType': 'Composition Shingle', 'roomCount': 10, 'unitCount': 1}"
199,3.0,1104.0,1.0,3780.0,"{'architectureType': 'Old Style', 'cooling': True, 'coolingType': 'Commercial', 'exteriorType': 'Masonry', 'floorCount': 2, 'garage': True, 'garageSpaces': 1, 'garageType': 'Detached Garage', 'roofType': 'Shingle (Not Wood)', 'unitCount': 1}"
200,0.0,0.0,0.0,0.0,{}
201,2.0,994.0,1.0,0.0,unknown
202,3.0,1861.0,2.0,22477.0,"{'cooling': True, 'coolingType': 'Central', 'exteriorType': 'Brick', 'fireplace': True, 'floorCount': 1, 'foundationType': 'Masonry', 'garage': True, 'garageSpaces': 3, 'garageType': 'Detached', 'heating': True, 'heatingType': 'Forced Air', 'pool': True, 'roofType': 'Shingle', 'unitCount': 1}"
203,4.0,2589.0,1.5,13068.0,"{'architectureType': 'Conventional', 'cooling': True, 'coolingType': 'Central', 'exteriorType': 'Brick', 'fireplace': True, 'fireplaceType': 'Masonry', 'floorCount': 1, 'foundationType': 'Raised', 'heating': True, 'heatingType': 'Central', 'roofType': 'Shingle', 'roomCount': 7}"
204,2.0,1037.0,1.5,1949.0,"{'architectureType': 'Townhouse', 'cooling': True, 'coolingType': 'Central', 'exteriorType': 'Other', 'floorCount': 2, 'garage': True, 'garageSpaces': 1, 'garageType': 'Attached', 'heating': True, 'heatingType': 'Central', 'roofType': 'Shingle', 'roomCount': 5, 'unitCount': 1}"
205,0.0,0.0,0.0,0.0,{}
206,2.0,1054.0,2.0,436.0,"{'architectureType': 'Townhouse', 'cooling': True, 'coolingType': 'Central', 'exteriorType': 'Stucco', 'floorCount': 2, 'garage': True, 'garageType': 'Carport', 'heating': True, 'heatingType': 'Heat Pump', 'roofType': 'Tile', 'roomCount': 6, 'unitCount': 1}"
207,3.0,1128.0,2.0,7200.0,"{'architectureType': 'Traditional', 'exteriorType': 'Concrete Block', 'floorCount': 1, 'foundationType': 'Slab / Mat / Raft', 'garage': True, 'garageType': 'Carport', 'heating': True, 'heatingType': 'Central', 'roomCount': 6, 'unitCount': 1, 'cooling': True, 'coolingType': 'Central'}"
208,0.0,325173.0,0.0,24100.0,"{'floorCount': 33, 'unitCount': 236}"
209,0.0,1098.0,1.0,6000.0,"{'architectureType': 'Cape Cod', 'cooling': True, 'coolingType': 'Central', 'exteriorType': 'Aluminum / Vinyl Siding', 'fireplace': True, 'floorCount': 1, 'foundationType': 'OTHER', 'garage': True, 'garageType': 'Garage', 'heating': True, 'heatingType': 'Central', 'roofType': 'Shingle', 'roomCount': 4, 'unitCount': 1}"
210,0.0,3160.0,0.0,0.0,{'floorCount': 2}
211,3.0,1060.0,1.0,6600.0,"{'architectureType': 'Bungalow', 'cooling': True, 'coolingType': 'Commercial', 'exteriorType': 'Wood', 'floorCount': 2, 'garage': True, 'garageType': 'Garage', 'roofType': 'Shingle', 'unitCount': 1}"
212,0.0,864.0,1.0,6534.0,"{'cooling': True, 'coolingType': 'Commercial', 'exteriorType': 'Brick Veneer', 'fireplace': True, 'floorCount': 1, 'foundationType': 'Retaining Wall', 'heating': True, 'heatingType': 'Central', 'roofType': 'Asphalt'}"
213,0.0,0.0,0.0,0.0,{}
214,4.0,2725.0,3.0,6316.0,"{'architectureType': 'Contemporary', 'cooling': True, 'coolingType': 'Central', 'exteriorType': 'Combination', 'floorCount': 2, 'foundationType': 'Slab / Mat / Raft', 'garage': True, 'garageSpaces': 1, 'garageType': 'Attached', 'heating': True, 'heatingType': 'Forced Air', 'roofType': 'Asphalt', 'roomCount': 9}"
215,0.0,0.0,0.0,0.0,{}
216,3.0,1105.0,2.0,6229.0,"{'architectureType': 'Bungalow', 'cooling': True, 'coolingType': 'Commercial', 'exteriorType': 'Aluminum / Vinyl Siding', 'fireplace': True, 'floorCount': 2, 'garage': True, 'garageSpaces': 1, 'garageType': 'Detached', 'heating': True, 'heatingType': 'Forced Air', 'roofType': 'Asphalt', 'roomCount': 6, 'unitCount': 1}"
217,0.0,1421.0,0.0,684.0,"{'cooling': True, 'coolingType': 'Refrigeration', 'exteriorType': 'Other', 'floorCount': 3, 'garage': True, 'heating': True, 'roofType': 'Other', 'unitCount': 1}"
218,3.0,1045.0,2.0,16553.0,"{'architectureType': 'Conventional', 'cooling': True, 'coolingType': 'Central', 'exteriorType': 'Brick Veneer', 'fireplace': True, 'fireplaceType': 'Single', 'floorCount': 1, 'foundationType': 'Slab / Mat / Raft', 'garage': True, 'garageType': 'Attached', 'heating': True, 'heatingType': 'Central', 'roofType': 'Composition Shingle', 'roomCount': 5, 'unitCount': 1}"
219,0.0,0.0,0.0,0.0,{}
220,0.0,0.0,0.0,0.0,{}
221,0.0,0.0,0.0,0.0,{}
222,3.0,1350.0,2.0,0.0,"{'cooling': True, 'coolingType': 'Central', 'exteriorType': 'Vinyl', 'floorCount': 1, 'foundationType': 'Slab', 'heating': True, 'heatingType': 'Forced Air', 'roofType': 'Shingle (Not Wood)', 'roomCount': 6, 'unitCount': 1}"
223,4.0,1776.0,2.5,0.0,unknown
224,3.0,1120.0,1.5,8581.0,"{'architectureType': 'Ranch', 'cooling': True, 'coolingType': 'Central', 'exteriorType': 'Aluminum / Vinyl Siding', 'floorCount': 1, 'garage': True, 'garageType': 'Detached', 'heating': True, 'roomCount': 5, 'unitCount': 1}"
225,3.0,1931.0,2.0,11761.0,"{'architectureType': 'Conventional', 'cooling': True, 'coolingType': 'Central', 'exteriorType': 'Aluminum / Vinyl Siding', 'floorCount': 1, 'garage': True, 'garageType': 'Mixed', 'heating': True, 'heatingType': 'Hot Water', 'roomCount': 8, 'unitCount': 1}"
226,2.0,120.0,3.0,43560.0,"{'cooling': True, 'coolingType': 'Central', 'exteriorType': 'Aluminum / Vinyl Siding', 'fireplace': True, 'floorCount': 1, 'foundationType': 'Footing', 'garage': True, 'garageType': 'Carport', 'heating': True, 'heatingType': 'Heat Pump', 'roofType': 'Metal'}"
227,3.0,1626.0,2.5,0.0,unknown
228,3.0,1472.0,2.5,17424.0,"{'architectureType': 'Traditional', 'cooling': True, 'coolingType': 'Central', 'exteriorType': 'Wood', 'fireplace': True, 'fireplaceType': 'Masonry', 'floorCount': 2, 'garage': True, 'garageType': 'Garage', 'heating': True, 'heatingType': 'Central', 'unitCount': 1}"
229,0.0,0.0,0.0,0.0,unknown
230,4.0,1802.0,2.0,6251.0,"{'cooling': True, 'coolingType': 'Commercial', 'fireplace': True, 'floorCount': 1, 'foundationType': 'Slab / Mat / Raft', 'garage': True, 'garageType': 'Attached', 'heating': True, 'heatingType': 'Central', 'roofType': 'Composition Shingle', 'unitCount': 1}"
231,1.0,436.0,1.0,0.0,"{'architectureType': 'Condo / Apartment', 'cooling': True, 'coolingType': 'Central', 'exteriorType': 'Brick', 'floorCount': 1, 'foundationType': 'Slab / Mat / Raft', 'roomCount': 3}"
232,3.0,816.0,2.0,10328.0,"{'architectureType': 'Rambler', 'exteriorType': 'Brick', 'floorCount': 1, 'heating': True, 'heatingType': 'Forced Air', 'roomCount': 7, 'unitCount': 1}"
233,3.0,1392.0,2.0,43560.0,"{'architectureType': 'Split Level', 'cooling': True, 'coolingType': 'Central', 'exteriorType': 'Wood', 'fireplace': True, 'floorCount': 2, 'foundationType': 'Footing', 'heating': True, 'heatingType': 'Central', 'roofType': 'Composition Shingle', 'unitCount': 1}"
234,3.0,1558.0,3.5,2550.0,"{'architectureType': 'Split Level', 'cooling': True, 'coolingType': 'Commercial', 'exteriorType': 'Brick', 'fireplace': True, 'floorCount': 2, 'garage': True, 'garageType': 'Garage', 'heating': True, 'heatingType': 'Forced Air', 'roofType': 'Composition Shingle', 'roomCount': 6, 'unitCount': 1}"
235,0.0,1900.0,2.0,8969.0,"{'architectureType': 'Duplex', 'cooling': True, 'coolingType': 'Commercial', 'fireplace': True, 'floorCount': 1, 'foundationType': 'Slab / Mat / Raft', 'garage': True, 'garageSpaces': 2, 'garageType': 'Carport', 'heating': True, 'heatingType': 'Central', 'roofType': 'Composition Shingle', 'unitCount': 2}"
236,3.0,2232.0,3.0,47045.0,"{'architectureType': 'Conventional', 'cooling': True, 'coolingType': 'Commercial', 'exteriorType': 'Wood', 'fireplace': True, 'floorCount': 1, 'foundationType': 'Crawl / Raised', 'garage': True, 'garageSpaces': 2, 'garageType': 'Garage', 'heating': True, 'heatingType': 'Steam', 'roofType': 'Composition Shingle', 'unitCount': 1}"
237,1.0,0.0,1.0,0.0,unknown
238,3.0,2000.0,2.0,5800.0,"{'cooling': True, 'coolingType': 'Central', 'fireplace': True, 'floorCount': 2, 'garage': True, 'garageSpaces': 1, 'garageType': 'Attached', 'heating': True, 'heatingType': 'Central', 'roomCount': 7, 'unitCount': 1}"
239,3.0,1040.0,1.5,10672.0,"{'architectureType': 'Split Level', 'cooling': True, 'coolingType': 'Central', 'fireplace': True, 'fireplaceType': 'Single', 'floorCount': 2, 'garage': True, 'garageType': 'Garage', 'heating': True, 'heatingType': 'Gas', 'unitCount': 1}"
240,0.0,0.0,0.0,0.0,{}
241,3.0,1620.0,2.0,80586.0,"{'cooling': True, 'coolingType': 'Commercial', 'exteriorType': 'Brick', 'floorCount': 1, 'foundationType': 'Footing', 'garage': True, 'garageSpaces': 2, 'garageType': 'OTHER', 'heating': True, 'heatingType': 'Central', 'roofType': 'Metal', 'unitCount': 1}"
242,0.0,0.0,0.0,268765.0,unknown
243,0.0,3698.0,3.0,0.0,"{'cooling': True, 'coolingType': 'Central', 'exteriorType': 'Stucco', 'fireplace': True, 'floorCount': 2, 'foundationType': 'Slab / Mat / Raft', 'garage': True, 'garageType': 'Garage', 'heating': True, 'heatingType': 'Central', 'unitCount': 1}"
244,0.0,0.0,0.0,0.0,unknown
245,3.0,2056.0,2.0,6011.0,"{'architectureType': 'Ranch', 'cooling': True, 'coolingType': 'Central', 'exteriorType': 'Brick Veneer', 'fireplace': True, 'floorCount': 1, 'foundationType': 'Slab / Mat / Raft', 'garage': True, 'garageType': 'Attached', 'heating': True, 'heatingType': 'Central', 'roofType': 'Composition Shingle', 'roomCount': 6, 'unitCount': 1}"
246,3.0,1652.0,2.0,10000.0,"{'cooling': True, 'coolingType': 'Commercial', 'exteriorType': 'Stucco', 'floorCount': 1, 'foundationType': 'Footing', 'garage': True, 'garageType': 'Attached', 'heating': True, 'heatingType': 'Forced Air', 'roofType': 'Fiberglass', 'unitCount': 1}"
247,3.0,1540.0,2.0,17424.0,"{'architectureType': 'Ranch', 'cooling': True, 'coolingType': 'Central', 'exteriorType': 'Brick', 'fireplace': True, 'floorCount': 1, 'foundationType': 'Raised', 'heating': True, 'heatingType': 'Heat Pump', 'roomCount': 5, 'unitCount': 1}"
248,0.0,0.0,0.0,0.0,{}
249,3.0,1250.0,2.0,1699.0,"{'architectureType': 'Townhouse', 'exteriorType': 'Marblecrete', 'garage': True, 'garageType': 'Attached', 'heating': True, 'heatingType': 'Forced Air', 'roofType': 'Asphalt', 'roomCount': 6, 'unitCount': 1}"
250,0.0,0.0,0.0,28750.0,{}
251,5.0,1580.0,2.0,6647.0,"{'architectureType': 'Duplex', 'cooling': True, 'coolingType': 'Commercial', 'unitCount': 2}"
252,4.0,1930.0,4.5,7231.0,"{'cooling': True, 'coolingType': 'Central', 'exteriorType': 'Brick / Stone', 'fireplace': True, 'floorCount': 2, 'foundationType': 'OTHER', 'garage': True, 'garageSpaces': 1, 'garageType': 'Attached', 'heating': True, 'heatingType': 'Forced Air', 'roofType': 'Composition Shingle', 'unitCount': 1}"
253,2.0,925.0,1.0,8712.0,"{'architectureType': 'Ranch', 'cooling': True, 'coolingType': 'Central', 'exteriorType': 'OTHER', 'floorCount': 1, 'foundationType': 'OTHER', 'garage': True, 'garageType': 'Attached', 'heating': True, 'heatingType': 'Forced Air', 'roofType': 'Composition Shingle', 'unitCount': 1}"
254,3.0,1571.0,2.0,17384.0,"{'garage': True, 'garageSpaces': 2, 'garageType': 'Garage', 'unitCount': 1}"
255,2.0,1032.0,1.0,0.0,{}
256,4.0,3890.0,4.0,7293.0,"{'fireplace': True, 'floorCount': 2, 'garage': True, 'garageSpaces': 2, 'garageType': 'Attached Garage', 'heating': True, 'heatingType': 'Forced Air'}"
257,0.0,0.0,0.0,43560.0,{}
258,4.0,2595.0,2.0,23736.0,"{'architectureType': 'Contemporary', 'cooling': True, 'coolingType': 'Central', 'exteriorType': 'Stucco', 'fireplace': True, 'floorCount': 1, 'garage': True, 'garageType': 'Garage', 'heating': True, 'heatingType': 'Central', 'roofType': 'Composition Shingle', 'unitCount': 1}"
259,2.0,1463.0,2.0,6690.0,"{'heating': True, 'heatingType': 'Floor / Wall', 'unitCount': 1}"
260,3.0,1580.0,2.0,0.0,unknown
261,4.0,4362.0,3.5,208652.0,unknown
262,3.0,1544.0,2.5,11326.0,"{'architectureType': 'Conventional', 'cooling': True, 'coolingType': 'Commercial', 'exteriorType': 'OTHER', 'fireplace': True, 'floorCount': 2, 'garage': True, 'garageSpaces': 1, 'garageType': 'Attached', 'heating': True, 'heatingType': 'Forced Air', 'roofType': 'Composition Shingle', 'unitCount': 1}"
263,5.0,4452.0,5.5,16657.0,"{'cooling': True, 'coolingType': 'Commercial', 'exteriorType': 'Stucco', 'fireplace': True, 'floorCount': 2, 'garage': True, 'garageType': 'Garage', 'heating': True, 'heatingType': 'Forced Air', 'pool': True, 'poolType': 'Pool and Hot Tub / Spa', 'roofType': 'Tile', 'unitCount': 1, 'viewType': 'Golf Course'}"
264,0.0,0.0,0.0,0.0,{}
265,3.0,2400.0,2.5,0.0,unknown
266,3.0,2126.0,2.0,24350.0,"{'cooling': True, 'coolingType': 'Central', 'exteriorType': 'Brick', 'fireplace': True, 'floorCount': 1, 'foundationType': 'Slab / Mat / Raft', 'garage': True, 'garageType': 'Attached', 'heating': True, 'heatingType': 'Central', 'roofType': 'Composition Shingle', 'roomCount': 7, 'unitCount': 1}"
267,3.0,867.0,1.0,5368.0,"{'architectureType': 'Conventional', 'floorCount': 1, 'garage': True, 'garageSpaces': 1, 'garageType': 'Garage', 'heating': True, 'heatingType': 'Floor / Wall', 'roomCount': 6, 'unitCount': 1}"
268,4.0,2720.0,2.5,10454.0,unknown
269,0.0,1708.0,2.5,4979.0,"{'architectureType': 'Conventional', 'cooling': True, 'coolingType': 'Commercial', 'exteriorType': 'Wood', 'fireplace': True, 'floorCount': 2, 'garage': True, 'garageSpaces': 1, 'garageType': 'Attached', 'heating': True, 'heatingType': 'Heat Pump', 'roofType': 'Composition Shingle', 'unitCount': 1}"
270,2.0,1150.0,1.0,0.0,unknown
271,2.0,990.0,2.0,8494.0,"{'architectureType': 'Ranch', 'cooling': True, 'coolingType': 'Central', 'exteriorType': 'Stucco', 'floorCount': 1, 'garage': True, 'garageSpaces': 1, 'garageType': 'Carport', 'heating': True, 'heatingType': 'Forced Air', 'roofType': 'Asphalt', 'unitCount': 1}"
272,0.0,0.0,0.0,6005.0,{}
273,3.0,2026.0,2.5,7443.0,"{'architectureType': 'Townhouse', 'cooling': True, 'coolingType': 'Central', 'exteriorType': 'Aluminum / Vinyl Siding', 'floorCount': 2, 'heating': True, 'heatingType': 'Central', 'roomCount': 6, 'garage': True, 'garageType': 'Basement'}"
274,5.0,1243.0,2.0,3800.0,"{'architectureType': 'Bungalow', 'cooling': True, 'coolingType': 'Commercial', 'exteriorType': 'Brick / Stone', 'floorCount': 1, 'garage': True, 'garageType': 'Garage', 'roofType': 'Shingle', 'unitCount': 1}"
275,3.0,1312.0,1.0,6000.0,"{'exteriorType': 'Vinyl', 'floorCount': 1, 'garage': True, 'garageType': 'Detached', 'heating': True, 'heatingType': 'Central', 'roofType': 'Asphalt', 'roomCount': 6}"
276,3.0,1240.0,2.0,10110.0,"{'architectureType': 'Traditional', 'cooling': True, 'coolingType': 'Central', 'exteriorType': 'Brick Veneer', 'fireplace': True, 'floorCount': 1, 'foundationType': 'Slab / Mat / Raft', 'garage': True, 'garageSpaces': 1, 'garageType': 'Attached', 'heating': True, 'heatingType': 'Central', 'roomCount': 6, 'unitCount': 1}"
277,3.0,1300.0,1.5,119529.0,"{'exteriorType': 'Brick Veneer', 'fireplace': True, 'floorCount': 1, 'heating': True, 'heatingType': 'Central', 'unitCount': 1}"
278,2.0,1144.0,2.5,8712.0,"{'architectureType': 'Mobile Home', 'cooling': True, 'coolingType': 'Commercial', 'exteriorType': 'Aluminum / Vinyl Siding', 'floorCount': 1, 'foundationType': 'Pier / Post & Beam', 'garage': True, 'garageSpaces': 2, 'garageType': 'Garage', 'heating': True, 'heatingType': 'Central', 'roofType': 'Fiberglass', 'unitCount': 1}"
279,3.0,1656.0,2.5,6882.0,"{'architectureType': 'Conventional', 'cooling': True, 'coolingType': 'Central', 'exteriorType': 'Brick Veneer', 'fireplace': True, 'floorCount': 1, 'foundationType': 'Raised', 'heating': True, 'heatingType': 'Central', 'roofType': 'Composition Shingle', 'roomCount': 7, 'unitCount': 1}"
280,4.0,2756.0,2.5,17860.0,unknown
281,3.0,2270.0,2.0,9000.0,"{'cooling': True, 'coolingType': 'Central', 'exteriorType': 'Vinyl', 'floorCount': 2, 'foundationType': 'Stone', 'garage': True, 'garageType': 'Detached', 'heating': True, 'heatingType': 'Forced Air', 'roofType': 'Asphalt'}"
282,4.0,2318.0,3.5,0.0,unknown
283,4.0,2394.0,3.0,9372.0,"{'architectureType': 'Split Level', 'cooling': True, 'coolingType': 'Central', 'exteriorType': 'Brick / Stone', 'fireplace': True, 'garage': True, 'garageType': 'Attached', 'roofType': 'Shingle', 'unitCount': 1}"
284,2.0,1763.0,2.0,66563.0,"{'architectureType': 'Condo / Apartment', 'heating': True, 'heatingType': 'Central', 'pool': True, 'unitCount': 1}"
285,3.0,3357.0,3.0,9588.0,"{'cooling': True, 'coolingType': 'Commercial', 'exteriorType': 'Stucco', 'floorCount': 2, 'heating': True, 'heatingType': 'Forced Air', 'roofType': 'Composition Shingle'}"
286,2.0,2240.0,1.0,0.0,unknown
287,0.0,2922.0,3.0,11326.0,"{'cooling': True, 'coolingType': 'Commercial', 'fireplace': True, 'floorCount': 1, 'foundationType': 'Slab / Mat / Raft', 'garage': True, 'garageType': 'Attached', 'heating': True, 'heatingType': 'Central', 'roofType': 'Composition Shingle', 'unitCount': 1}"
288,0.0,1059.0,2.0,11148.0,"{'architectureType': 'Condo / Apartment', 'cooling': True, 'coolingType': 'Refrigeration', 'exteriorType': 'Wood', 'floorCount': 1, 'garage': True, 'garageSpaces': 1, 'garageType': 'Carport', 'heating': True, 'heatingType': 'Forced Air', 'roofType': 'Concrete Tile', 'roomCount': 5}"
289,0.0,1442.0,2.0,5100.0,"{'cooling': True, 'coolingType': 'Central', 'exteriorType': 'Concrete Block', 'floorCount': 1, 'garage': True, 'garageSpaces': 1, 'garageType': 'Attached', 'heating': True, 'heatingType': 'Forced Air', 'roofType': 'Composition Shingle', 'unitCount': 1}"
290,3.0,1836.0,2.0,10163.0,"{'cooling': True, 'coolingType': 'Central', 'floorCount': 1, 'garage': True, 'garageSpaces': 2, 'garageType': 'Garage', 'heating': True, 'heatingType': 'Central', 'unitCount': 1}"
291,0.0,0.0,0.0,0.0,{}
292,2.0,954.0,1.0,436.0,"{'architectureType': 'Condo / Apartment', 'cooling': True, 'coolingType': 'Commercial', 'floorCount': 1, 'heating': True, 'heatingType': 'Central', 'roomCount': 4}"
293,0.0,864.0,1.0,13547.0,"{'cooling': True, 'coolingType': 'Commercial', 'exteriorType': 'Wood', 'floorCount': 1, 'garage': True, 'garageType': 'Garage', 'roofType': 'Asphalt', 'roomCount': 5, 'unitCount': 1}"
294,3.0,2568.0,2.0,8276.0,"{'cooling': True, 'coolingType': 'Central', 'exteriorType': 'Other', 'fireplace': True, 'floorCount': 1, 'foundationType': 'Slab / Mat / Raft', 'garage': True, 'garageType': 'Attached', 'heating': True, 'heatingType': 'Central', 'roofType': 'Asphalt', 'roomCount': 5, 'unitCount': 1}"
295,4.0,1982.0,2.0,3003.0,"{'cooling': True, 'coolingType': 'Central', 'exteriorType': 'Shingle', 'fireplace': True, 'fireplaceType': 'Masonry', 'floorCount': 2, 'garage': True, 'garageType': 'Detached', 'heating': True, 'heatingType': 'Forced Air', 'roofType': 'Metal', 'unitCount': 1}"
296,3.0,1250.0,2.5,9196.0,"{'architectureType': 'Bi-Level', 'cooling': True, 'coolingType': 'Central', 'exteriorType': 'Aluminum / Vinyl Siding', 'fireplace': True, 'fireplaceType': 'Prefab', 'floorCount': 1, 'garage': True, 'garageSpaces': 2, 'garageType': 'Basement', 'heating': True, 'heatingType': 'Heat Pump', 'roomCount': 6, 'unitCount': 1}"
297,4.0,1656.0,2.0,14692.0,"{'heating': True, 'heatingType': 'Floor / Wall', 'pool': True, 'unitCount': 1}"
298,2.0,0.0,2.0,0.0,unknown
299,0.0,0.0,0.0,18731.0,{'architectureType': 'Mobile Home'}
300,0.0,1437.0,0.0,14985.0,{'floorCount': 1}
301,0.0,0.0,0.0,0.0,unknown
302,2.0,1026.0,2.0,7279.0,"{'cooling': True, 'coolingType': 'Central', 'exteriorType': 'Brick', 'floorCount': 1, 'foundationType': 'Slab / Mat / Raft', 'heating': True, 'heatingType': 'Central', 'roofType': 'Composition Shingle'}"
303,1.0,628.0,1.0,0.0,unknown
304,0.0,3046.0,0.0,8276.0,"{'cooling': True, 'coolingType': 'Commercial', 'exteriorType': 'Other', 'floorCount': 2, 'foundationType': 'OTHER', 'garage': True, 'garageSpaces': 2, 'garageType': 'Built-in', 'heating': True, 'heatingType': 'Central', 'roofType': 'Tile', 'unitCount': 1}"
305,0.0,2436.0,0.0,2500.0,"{'floorCount': 2, 'garage': True, 'garageSpaces': 3, 'garageType': 'Detached', 'exteriorType': 'Wood'}"
306,4.0,1644.0,2.5,8407.0,"{'architectureType': 'Colonial', 'cooling': True, 'coolingType': 'Commercial', 'exteriorType': 'Brick / Stone', 'floorCount': 2, 'foundationType': 'Raised', 'garage': True, 'garageSpaces': 2, 'garageType': 'Attached', 'heating': True, 'heatingType': 'Gas', 'roomCount': 8, 'unitCount': 1}"
307,0.0,0.0,0.0,0.0,{}
308,1.0,673.0,1.0,0.0,"{'architectureType': 'Condo / Apartment', 'cooling': True, 'coolingType': 'Commercial', 'exteriorType': 'OTHER', 'fireplace': True, 'floorCount': 1, 'garage': True, 'garageType': 'Basement', 'heating': True, 'heatingType': 'Forced Air', 'roofType': 'Asphalt', 'roomCount': 3, 'unitCount': 1}"
309,3.0,1310.0,2.0,32234.0,"{'cooling': True, 'exteriorType': 'Wood Siding', 'fireplace': True, 'floorCount': 1, 'foundationType': 'Crawl / Raised', 'heating': True, 'heatingType': 'Heat Pump', 'roofType': 'Asphalt', 'roomCount': 6}"
310,3.0,2208.0,2.5,422532.0,"{'floorCount': 2, 'cooling': True, 'coolingType': 'Central', 'heating': True, 'heatingType': 'Hot Air', 'architectureType': 'Colonial'}"
311,2.0,831.0,2.0,0.0,"{'architectureType': 'Condo / Apartment', 'cooling': True, 'coolingType': 'Central', 'exteriorType': 'Stucco', 'fireplace': True, 'floorCount': 1, 'heating': True, 'heatingType': 'Forced Air', 'roofType': 'Tile', 'roomCount': 4}"
312,3.0,1680.0,2.0,76796.0,"{'cooling': True, 'coolingType': 'Central', 'exteriorType': 'Aluminum / Vinyl Siding', 'fireplace': True, 'floorCount': 1, 'garage': True, 'garageType': 'Attached', 'heating': True, 'heatingType': 'Central', 'roomCount': 6, 'unitCount': 1}"
313,4.0,2764.0,3.5,7884.0,"{'architectureType': 'Traditional', 'cooling': True, 'coolingType': 'Commercial', 'exteriorType': 'Aluminum / Vinyl Siding', 'fireplace': True, 'floorCount': 2, 'garage': True, 'garageType': 'Garage', 'heating': True, 'heatingType': 'Gas', 'roofType': 'Composition Shingle', 'roomCount': 8}"
314,3.0,1949.0,2.5,13068.0,"{'architectureType': 'Ranch', 'cooling': True, 'coolingType': 'Central', 'exteriorType': 'Brick', 'fireplace': True, 'floorCount': 1, 'foundationType': 'Masonry', 'garage': True, 'garageSpaces': 2, 'garageType': 'Garage', 'heating': True, 'heatingType': 'Forced Air', 'roofType': 'Asphalt', 'roomCount': 8, 'unitCount': 1}"
315,4.0,1920.0,1.0,2200.0,"{'exteriorType': 'Brick', 'floorCount': 2, 'roomCount': 7, 'unitCount': 1, 'viewType': 'Average'}"
316,2.0,1288.0,1.5,20592.0,"{'architectureType': 'Ranch', 'exteriorType': 'OTHER', 'fireplace': True, 'floorCount': 1, 'foundationType': 'OTHER', 'garage': True, 'garageType': 'Attached', 'heating': True, 'heatingType': 'Radiant', 'roofType': 'Composition Shingle', 'unitCount': 1}"
317,6.0,2212.0,3.0,4792.0,"{'garage': True, 'garageType': 'Garage', 'roomCount': 10, 'unitCount': 1}"
318,4.0,976.0,2.0,11600.0,"{'architectureType': 'Bi-Level', 'cooling': True, 'coolingType': 'Commercial', 'exteriorType': 'Aluminum / Vinyl Siding', 'fireplace': True, 'floorCount': 1, 'foundationType': 'Block', 'garage': True, 'garageType': 'Garage', 'heating': True, 'heatingType': 'Forced Air', 'roofType': 'Composition Shingle', 'roomCount': 7, 'unitCount': 1}"
319,3.0,1130.0,1.0,4000.0,"{'cooling': True, 'coolingType': 'Central', 'garage': True, 'garageSpaces': 1, 'garageType': 'Attached', 'heating': True, 'heatingType': 'Central', 'roomCount': 6, 'unitCount': 1}"
320,3.0,1274.0,1.5,13068.0,"{'cooling': True, 'coolingType': 'Central', 'exteriorType': 'Brick Veneer', 'floorCount': 1, 'foundationType': 'Pier / Post & Beam', 'garage': True, 'garageSpaces': 1, 'garageType': 'Carport', 'heating': True, 'heatingType': 'Central', 'roofType': 'Shingle', 'unitCount': 1}"
321,0.0,0.0,0.0,59677.0,unknown
322,2.0,1502.0,2.0,858.0,"{'architectureType': 'Two Family', 'cooling': True, 'coolingType': 'Central', 'exteriorType': 'Brick', 'fireplace': True, 'floorCount': 1, 'foundationType': 'Raised', 'heating': True, 'heatingType': 'Central', 'roofType': 'Asphalt', 'roomCount': 5}"
323,3.0,1440.0,2.0,19166.0,"{'architectureType': 'Mobile Home', 'cooling': True, 'coolingType': 'Central', 'fireplace': True, 'floorCount': 1, 'garage': True, 'garageType': 'Carport', 'heating': True, 'heatingType': 'Central', 'roofType': 'Composition Shingle'}"
324,2.0,1236.0,2.0,54450.0,"{'architectureType': 'Conventional', 'cooling': True, 'coolingType': 'Central', 'exteriorType': 'Brick', 'fireplace': True, 'floorCount': 1, 'foundationType': 'Masonry', 'garage': True, 'garageSpaces': 1, 'garageType': 'Garage', 'heating': True, 'heatingType': 'Heat Pump', 'roofType': 'Asphalt', 'roomCount': 5, 'unitCount': 1}"
325,3.0,850.0,1.0,10454.0,"{'architectureType': 'Split Entry', 'cooling': True, 'coolingType': 'Commercial', 'exteriorType': 'Combination', 'foundationType': 'Block', 'garage': True, 'garageType': 'Garage', 'heating': True, 'heatingType': 'Forced Air', 'roofType': 'Asphalt', 'unitCount': 1, 'floorCount': 1}"
326,3.0,1104.0,1.5,5662.0,"{'architectureType': 'Colonial', 'garage': True, 'garageType': 'Garage', 'unitCount': 1}"
327,6.0,4058.0,4.0,7405.0,"{'cooling': True, 'coolingType': 'Central', 'exteriorType': 'Stucco', 'fireplace': True, 'floorCount': 2, 'garage': True, 'garageSpaces': 2, 'garageType': 'Built-in', 'heating': True, 'heatingType': 'Forced Air', 'pool': True, 'poolType': 'Pool and Hot Tub / Spa', 'roofType': 'Tile', 'roomCount': 10, 'architectureType': '2+ Story'}"
328,3.0,1548.0,2.0,7400.0,"{'garage': True, 'garageSpaces': 2, 'garageType': 'Garage', 'unitCount': 1}"
329,3.0,2900.0,3.0,0.0,unknown
330,3.0,1012.0,1.0,7760.0,"{'cooling': True, 'coolingType': 'Central', 'exteriorType': 'Concrete Block', 'floorCount': 1, 'foundationType': 'Concrete', 'roofType': 'Composition Shingle', 'unitCount': 1}"
331,0.0,2327.0,2.0,9420.0,"{'cooling': True, 'coolingType': 'Refrigeration', 'exteriorType': 'Wood', 'floorCount': 1, 'garage': True, 'garageSpaces': 2, 'garageType': 'Garage', 'heating': True, 'heatingType': 'Forced Air', 'roomCount': 7, 'unitCount': 1}"
332,4.0,2440.0,2.5,15115.0,"{'architectureType': 'Conventional', 'cooling': True, 'coolingType': 'Central', 'exteriorType': 'Brick', 'fireplace': True, 'fireplaceType': 'Single', 'floorCount': 2, 'garage': True, 'garageType': 'Garage', 'heating': True, 'heatingType': 'Central', 'pool': True, 'poolType': 'In-Ground Vinyl Pool', 'roofType': 'Composition Shingle', 'roomCount': 8, 'unitCount': 1}"
333,0.0,0.0,0.0,0.0,{}
334,3.0,1280.0,1.0,6598.0,"{'cooling': True, 'coolingType': 'Central', 'exteriorType': 'Aluminum / Vinyl Siding', 'floorCount': 1, 'foundationType': 'Pier / Post & Beam', 'heating': True, 'heatingType': 'Central', 'roofType': 'Composition Shingle', 'unitCount': 1}"
335,3.0,2208.0,2.0,7144.0,"{'cooling': True, 'coolingType': 'Central', 'exteriorType': 'Brick Veneer', 'fireplace': True, 'floorCount': 1, 'foundationType': 'Slab / Mat / Raft', 'garage': True, 'garageType': 'Attached', 'heating': True, 'heatingType': 'Central', 'roofType': 'Composition Shingle'}"
336,0.0,0.0,0.0,0.0,{}
337,3.0,3125.0,3.5,14985.0,"{'architectureType': 'Modern', 'cooling': True, 'coolingType': 'Commercial', 'exteriorType': 'Brick / Stone', 'floorCount': 2, 'garage': True, 'garageType': 'Attached', 'heating': True, 'heatingType': 'Gas', 'roomCount': 7, 'unitCount': 1}"
338,0.0,1783.0,0.0,4950.0,"{'cooling': True, 'coolingType': 'Central', 'exteriorType': 'Stucco', 'floorCount': 2, 'foundationType': 'Slab / Mat / Raft', 'garage': True, 'garageType': 'Garage', 'pool': True, 'poolType': 'Pool and Hot Tub / Spa', 'roofType': 'Tile', 'unitCount': 1}"
339,0.0,0.0,0.0,0.0,{}
340,5.0,7846.0,7.0,233046.0,"{'architectureType': 'Colonial', 'cooling': True, 'coolingType': 'Commercial', 'exteriorType': 'OTHER', 'floorCount': 2, 'heating': True, 'heatingType': 'Forced Air', 'roofType': 'Wood Shingle', 'roomCount': 11}"
341,3.0,2175.0,2.5,5776.0,"{'architectureType': 'Traditional', 'cooling': True, 'coolingType': 'Central', 'exteriorType': 'Brick', 'fireplace': True, 'floorCount': 2, 'foundationType': 'Slab / Mat / Raft', 'garage': True, 'garageType': 'Attached', 'heating': True, 'heatingType': 'Central', 'roomCount': 7, 'unitCount': 1}"
342,2.0,616.0,1.0,6970.0,"{'cooling': True, 'coolingType': 'Evaporative', 'exteriorType': 'Concrete Block', 'floorCount': 1, 'foundationType': 'Concrete', 'roofType': 'Roll Composition', 'unitCount': 1}"
343,4.0,2114.0,2.5,3485.0,{}
344,3.0,1860.0,2.0,0.0,unknown
345,4.0,2042.0,2.5,5968.0,"{'cooling': True, 'coolingType': 'Central', 'floorCount': 2, 'foundationType': 'Slab / Mat / Raft', 'garage': True, 'garageType': 'Attached', 'heating': True, 'heatingType': 'Forced Air', 'roofType': 'Asphalt'}"
346,4.0,1527.0,3.0,8100.0,"{'architectureType': 'Bungalow', 'cooling': True, 'coolingType': 'Commercial', 'exteriorType': 'Brick / Stone', 'fireplace': True, 'floorCount': 1, 'foundationType': 'Slab / Mat / Raft', 'garage': True, 'garageSpaces': 2, 'garageType': 'Attached', 'roofType': 'Shingle', 'unitCount': 1}"
347,3.0,1872.0,2.5,15682.0,"{'architectureType': 'Colonial', 'cooling': True, 'coolingType': 'Central', 'exteriorType': 'Aluminum / Vinyl Siding', 'floorCount': 2, 'garage': True, 'garageSpaces': 2, 'garageType': 'Attached Garage', 'heating': True, 'heatingType': 'Central', 'unitCount': 1}"
348,0.0,0.0,0.0,0.0,{}
349,0.0,562.0,0.0,562.0,"{'architectureType': 'Condo / Apartment', 'floorCount': 1, 'unitCount': 1}"
350,0.0,1189.0,1.0,7250.0,"{'architectureType': 'Conventional', 'cooling': True, 'coolingType': 'Commercial', 'exteriorType': 'Brick', 'fireplace': True, 'fireplaceType': '2 Story', 'floorCount': 1, 'garage': True, 'garageType': 'Garage', 'heating': True, 'heatingType': 'Forced Air', 'roofType': 'Composition Shingle', 'unitCount': 1}"
351,0.0,0.0,0.0,0.0,{}
352,0.0,1848.0,2.5,7841.0,"{'cooling': True, 'coolingType': 'Commercial', 'exteriorType': 'Stucco', 'floorCount': 1, 'garage': True, 'garageSpaces': 2, 'garageType': 'Attached', 'heating': True, 'heatingType': 'Central', 'roofType': 'Composition Shingle', 'unitCount': 1}"
353,0.0,1812.0,2.0,5819.0,"{'architectureType': 'Conventional', 'cooling': True, 'coolingType': 'Central', 'exteriorType': 'Brick Veneer', 'floorCount': 1, 'garage': True, 'garageType': 'Garage', 'heating': True, 'heatingType': 'Central', 'roofType': 'Composition Shingle'}"
354,2.0,792.0,1.0,4356.0,"{'cooling': True, 'coolingType': 'Central', 'exteriorType': 'Aluminum / Vinyl Siding', 'floorCount': 1, 'garage': True, 'garageType': 'Detached', 'heating': True, 'heatingType': 'Central', 'roomCount': 4, 'unitCount': 1}"
355,3.0,1104.0,2.0,111514.0,"{'architectureType': 'Conventional', 'cooling': True, 'coolingType': 'Commercial', 'exteriorType': 'Other', 'floorCount': 1, 'foundationType': 'Masonry', 'heating': True, 'roofType': 'Shingle', 'roomCount': 5, 'unitCount': 1}"
356,4.0,2184.0,2.0,10019.0,"{'cooling': True, 'coolingType': 'Commercial', 'exteriorType': 'OTHER', 'floorCount': 2, 'heating': True, 'heatingType': 'Forced Air', 'roofType': 'Asphalt', 'roomCount': 10, 'unitCount': 2}"
357,3.0,1289.0,1.0,1448.0,"{'architectureType': 'Condo / Apartment', 'exteriorType': 'Brick', 'floorCount': 2, 'heating': True, 'heatingType': 'Hot Water', 'roomCount': 6, 'unitCount': 1, 'viewType': 'Average'}"
358,4.0,3253.0,3.0,11400.0,"{'cooling': True, 'coolingType': 'Central', 'exteriorType': 'Brick Veneer', 'fireplace': True, 'floorCount': 2, 'foundationType': 'Slab / Mat / Raft', 'garage': True, 'garageSpaces': 2, 'garageType': 'Attached', 'heating': True, 'heatingType': 'Central', 'roofType': 'Composition Shingle', 'unitCount': 1}"
359,0.0,0.0,0.0,0.0,{}
360,3.0,1038.0,1.0,8712.0,"{'heating': True, 'heatingType': 'Forced Air'}"
361,3.0,1048.0,0.0,5053.0,"{'cooling': True, 'coolingType': 'Central', 'floorCount': 1, 'foundationType': 'Raised', 'garage': True, 'garageSpaces': 2, 'garageType': 'Detached', 'heating': True, 'heatingType': 'Central', 'roofType': 'Asphalt', 'roomCount': 5, 'unitCount': 1}"
362,0.0,1077.0,2.0,12197.0,"{'cooling': True, 'coolingType': 'Central', 'exteriorType': 'Brick Veneer', 'floorCount': 1, 'foundationType': 'Slab', 'garage': True, 'garageSpaces': 1, 'garageType': 'Attached', 'heating': True, 'heatingType': 'Central', 'pool': True, 'poolType': 'Pool and Hot Tub / Spa', 'roofType': 'Composition Shingle', 'unitCount': 1}"
363,5.0,3078.0,2.0,0.0,{}
364,0.0,0.0,0.0,0.0,{}
365,4.0,1422.0,1.0,3750.0,"{'architectureType': 'Bungalow', 'cooling': True, 'coolingType': 'Central', 'exteriorType': 'Brick / Stone', 'floorCount': 2, 'garage': True, 'garageType': 'Detached', 'roofType': 'Shingle', 'unitCount': 1}"
366,3.0,1938.0,2.0,9583.0,"{'cooling': True, 'coolingType': 'Wall', 'exteriorType': 'Wood', 'fireplace': True, 'foundationType': 'Footing', 'garage': True, 'garageType': 'Mixed', 'heating': True, 'roofType': 'Composition Shingle', 'unitCount': 1}"
367,3.0,1320.0,1.0,19515.0,"{'cooling': True, 'coolingType': 'Central', 'exteriorType': 'Brick', 'floorCount': 1, 'foundationType': 'OTHER', 'garage': True, 'garageType': 'Mixed', 'heating': True, 'heatingType': 'Central', 'roofType': 'Composition Shingle', 'roomCount': 6, 'unitCount': 1}"
368,0.0,0.0,0.0,2614.0,{}
369,0.0,0.0,0.0,0.0,{}
370,3.0,2030.0,2.5,6770.0,"{'exteriorType': 'Brick', 'fireplace': True, 'floorCount': 2, 'garage': True, 'garageType': 'Attached', 'heating': True, 'heatingType': 'Central', 'roomCount': 6, 'unitCount': 1}"
371,3.0,1060.0,2.0,7475.0,"{'architectureType': 'Modern', 'cooling': True, 'coolingType': 'Evaporative', 'floorCount': 1, 'garage': True, 'garageSpaces': 2, 'garageType': 'Attached', 'heating': True, 'heatingType': 'Central', 'roofType': 'Composition Shingle', 'roomCount': 5, 'unitCount': 1}"
372,0.0,0.0,0.0,0.0,{}
373,0.0,0.0,0.0,0.0,{}
374,0.0,0.0,0.0,0.0,{}
375,2.0,1046.0,1.0,2614.0,"{'architectureType': 'Townhouse', 'cooling': True, 'coolingType': 'Central', 'exteriorType': 'Stucco', 'floorCount': 1, 'garage': True, 'garageSpaces': 1, 'garageType': 'Attached', 'heating': True, 'heatingType': 'Forced Air', 'roofType': 'Tile', 'roomCount': 4, 'unitCount': 1}"
376,0.0,0.0,0.0,0.0,{}
377,4.0,2556.0,3.0,5576.0,"{'cooling': True, 'coolingType': 'Central', 'exteriorType': 'Aluminum / Vinyl Siding', 'fireplace': True, 'floorCount': 2, 'garage': True, 'garageType': 'Garage', 'heating': True, 'heatingType': 'Central', 'roofType': 'Composition Shingle'}"
378,0.0,0.0,0.0,0.0,{}
379,0.0,0.0,0.0,0.0,{}
380,4.0,1594.0,2.0,13504.0,"{'cooling': True, 'coolingType': 'Package', 'exteriorType': 'Wood', 'fireplace': True, 'floorCount': 2, 'foundationType': 'Block', 'garage': True, 'garageSpaces': 2, 'garageType': 'Attached', 'heating': True, 'heatingType': 'Floor / Wall', 'roofType': 'Asphalt', 'roomCount': 6, 'unitCount': 1}"
381,4.0,5627.0,4.0,43124.0,"{'architectureType': 'Split Level', 'cooling': True, 'coolingType': 'Commercial', 'exteriorType': 'Brick Veneer', 'fireplace': True, 'fireplaceType': 'Masonry', 'floorCount': 1, 'foundationType': 'Slab', 'garage': True, 'garageSpaces': 8, 'garageType': 'Attached Garage', 'heating': True, 'heatingType': 'Heat Pump', 'roofType': 'Asphalt', 'unitCount': 1}"
382,0.0,3031.0,2.0,13499.0,"{'cooling': True, 'coolingType': 'Refrigeration', 'exteriorType': 'Stucco', 'floorCount': 2, 'garage': True, 'garageSpaces': 3, 'garageType': 'Garage', 'heating': True, 'heatingType': 'Forced Air', 'pool': True, 'roofType': 'Asphalt', 'roomCount': 10, 'unitCount': 1}"
383,3.0,2617.0,1.0,43560.0,"{'cooling': True, 'coolingType': 'Central', 'fireplace': True, 'fireplaceType': 'Masonry', 'floorCount': 1, 'foundationType': 'Raised', 'garage': True, 'garageSpaces': 3, 'garageType': 'Detached', 'heating': True, 'heatingType': 'Central', 'roofType': 'Asphalt', 'roomCount': 8, 'unitCount': 1}"
384,3.0,1966.0,2.5,6534.0,"{'cooling': True, 'coolingType': 'Central', 'exteriorType': 'Brick Veneer', 'fireplace': True, 'floorCount': 2, 'foundationType': 'Concrete Block', 'heating': True, 'heatingType': 'Central', 'roofType': 'Asphalt', 'roomCount': 5, 'unitCount': 2}"
385,0.0,0.0,0.0,0.0,unknown
386,0.0,0.0,0.0,0.0,{}
387,3.0,3695.0,4.0,19166.0,"{'architectureType': 'Ranch', 'exteriorType': 'Brick Veneer', 'floorCount': 1, 'garage': True, 'garageSpaces': 3, 'garageType': 'Attached', 'roomCount': 7}"
388,4.0,1861.0,2.5,3920.0,"{'architectureType': '2+ Story', 'cooling': True, 'coolingType': 'Central', 'exteriorType': 'Stucco', 'fireplace': True, 'floorCount': 2, 'garage': True, 'garageSpaces': 1, 'garageType': 'Attached', 'heating': True, 'heatingType': 'Forced Air', 'roofType': 'Tile', 'roomCount': 7, 'unitCount': 1}"
389,3.0,1210.0,2.0,5460.0,"{'cooling': True, 'coolingType': 'Central', 'floorCount': 1, 'garage': True, 'garageSpaces': 1, 'garageType': 'Attached Garage', 'heating': True, 'heatingType': 'Central', 'roofType': 'Asphalt', 'roomCount': 5}"
390,3.0,2498.0,2.0,6098.0,"{'cooling': True, 'coolingType': 'Commercial', 'exteriorType': 'Other', 'fireplace': True, 'floorCount': 2, 'garage': True, 'garageType': 'Attached', 'heating': True}"
391,4.0,3203.0,5.0,41208.0,"{'architectureType': 'Ranch / Rambler', 'exteriorType': 'Other', 'floorCount': 1, 'foundationType': 'Brick', 'garage': True, 'garageSpaces': 2, 'garageType': 'OTHER', 'heating': True, 'heatingType': 'Heat Pump', 'roofType': 'Composition Shingle'}"
392,0.0,0.0,0.0,0.0,{}
393,0.0,1188.0,1.0,0.0,"{'cooling': True, 'coolingType': 'Commercial', 'exteriorType': 'Brick Veneer', 'floorCount': 1, 'garage': True, 'garageType': 'Carport', 'heating': True, 'heatingType': 'Forced Air', 'roofType': 'Asphalt'}"
394,4.0,2450.0,3.0,7220.0,"{'cooling': True, 'coolingType': 'Central', 'floorCount': 2, 'garage': True, 'garageSpaces': 2, 'garageType': 'Attached', 'heating': True, 'heatingType': 'Central', 'roomCount': 8, 'unitCount': 1}"
395,3.0,2392.0,2.5,10455.0,"{'cooling': True, 'coolingType': 'Central', 'exteriorType': 'Aluminum / Vinyl Siding', 'fireplace': True, 'fireplaceType': 'Prefab', 'floorCount': 2, 'foundationType': 'Slab / Mat / Raft', 'garage': True, 'garageType': 'Garage', 'heating': True, 'heatingType': 'Forced Air', 'unitCount': 1}"
396,0.0,2624.0,3.0,33541.0,"{'cooling': True, 'coolingType': 'Central', 'exteriorType': 'Concrete', 'fireplace': True, 'floorCount': 1, 'foundationType': 'Masonry', 'garage': True, 'garageType': 'Garage', 'heating': True, 'heatingType': 'Central', 'roofType': 'Shingle'}"
397,5.0,2603.0,2.0,3930.0,"{'architectureType': 'Traditional', 'exteriorType': 'Composition', 'floorCount': 2, 'garage': True, 'garageType': 'Detached', 'heating': True}"
398,4.0,2278.0,2.5,10890.0,unknown
399,0.0,0.0,0.0,0.0,{}
400,3.0,2161.0,2.0,3560.0,"{'cooling': True, 'coolingType': 'Central', 'exteriorType': 'Brick Veneer', 'fireplace': True, 'floorCount': 1, 'foundationType': 'OTHER', 'garage': True, 'garageType': 'Attached', 'heating': True, 'heatingType': 'Central', 'roofType': 'Composition Shingle', 'roomCount': 7, 'unitCount': 1}"
401,0.0,0.0,0.0,0.0,{}
402,3.0,1493.0,2.0,6094.0,"{'cooling': True, 'coolingType': 'Central', 'exteriorType': 'Brick Veneer', 'fireplace': True, 'floorCount': 1, 'foundationType': 'Slab / Mat / Raft', 'garage': True, 'garageSpaces': 1, 'garageType': 'Garage', 'heating': True, 'heatingType': 'Central', 'unitCount': 1}"
403,2.0,1120.0,2.0,1104.0,"{'cooling': True, 'coolingType': 'Central', 'exteriorType': 'Stucco', 'floorCount': 2, 'foundationType': 'Slab / Mat / Raft', 'roofType': 'Tile', 'unitCount': 1}"
404,3.0,1243.0,2.5,9453.0,"{'architectureType': 'Conventional', 'cooling': True, 'coolingType': 'Commercial', 'exteriorType': 'Aluminum / Vinyl Siding', 'fireplace': True, 'floorCount': 2, 'heating': True, 'heatingType': 'Heat Pump', 'roofType': 'Shingle', 'roomCount': 5, 'unitCount': 1}"
405,4.0,2244.0,1.5,12740.0,"{'cooling': True, 'coolingType': 'Central', 'fireplace': True, 'fireplaceType': 'Masonry', 'floorCount': 2, 'garage': True, 'garageSpaces': 1, 'garageType': 'Attached', 'heating': True, 'heatingType': 'Central', 'roofType': 'Asphalt', 'roomCount': 11, 'unitCount': 1}"
406,4.0,1646.0,2.0,6970.0,"{'architectureType': 'Single Story', 'cooling': True, 'coolingType': 'Central', 'exteriorType': 'Stucco', 'fireplace': True, 'floorCount': 1, 'garage': True, 'garageSpaces': 1, 'garageType': 'Attached', 'heating': True, 'heatingType': 'Forced Air', 'pool': True, 'poolType': 'Pool and Hot Tub / Spa', 'roofType': 'Composition Shingle', 'roomCount': 7, 'unitCount': 1}"
407,0.0,0.0,0.0,0.0,{}
408,3.0,3742.0,5.0,21177.0,"{'architectureType': 'Split Level', 'cooling': True, 'coolingType': 'Central', 'exteriorType': 'Brick', 'fireplace': True, 'floorCount': 3, 'garage': True, 'garageType': 'Garage', 'heating': True, 'heatingType': 'Forced Air', 'roofType': 'Slate', 'roomCount': 10, 'unitCount': 1}"
409,3.0,1650.0,1.5,10890.0,"{'cooling': True, 'coolingType': 'Central', 'exteriorType': 'Masonry', 'fireplace': True, 'fireplaceType': 'Single', 'floorCount': 1, 'foundationType': 'Pier / Post & Beam', 'garage': True, 'garageSpaces': 1, 'garageType': 'Carport', 'heating': True, 'heatingType': 'Central', 'roofType': 'Composition Shingle', 'unitCount': 1}"
410,4.0,3076.0,2.5,10481.0,"{'architectureType': 'Ranch', 'cooling': True, 'coolingType': 'Central', 'exteriorType': 'Brick / Stone', 'fireplace': True, 'floorCount': 1, 'garage': True, 'garageType': 'Attached', 'roofType': 'Shingle', 'unitCount': 1}"
411,0.0,0.0,0.0,0.0,{}
412,2.0,892.0,1.0,12371.0,"{'architectureType': 'Conventional', 'cooling': True, 'coolingType': 'Central', 'exteriorType': 'Block', 'fireplace': True, 'fireplaceType': 'Masonry', 'floorCount': 1, 'heating': True, 'heatingType': 'Forced Air', 'roomCount': 6, 'unitCount': 1}"
413,3.0,2634.0,3.5,146362.0,"{'architectureType': 'Colonial', 'cooling': True, 'coolingType': 'Commercial', 'exteriorType': 'Aluminum / Vinyl Siding', 'fireplace': True, 'floorCount': 2, 'garage': True, 'garageType': 'Garage', 'heating': True, 'heatingType': 'Forced Air', 'roofType': 'Asphalt', 'roomCount': 8}"
414,4.0,2860.0,2.5,7793.0,"{'architectureType': 'Traditional', 'cooling': True, 'coolingType': 'Central', 'exteriorType': 'Brick', 'fireplace': True, 'floorCount': 2, 'foundationType': 'Slab / Mat / Raft', 'garage': True, 'garageSpaces': 1, 'garageType': 'Detached', 'heating': True, 'heatingType': 'Central', 'roomCount': 9, 'unitCount': 1}"
415,4.0,3031.0,2.0,8390.0,"{'architectureType': 'Conventional', 'cooling': True, 'coolingType': 'Central', 'exteriorType': 'Brick Veneer', 'fireplace': True, 'fireplaceType': 'Single', 'floorCount': 2, 'foundationType': 'Slab / Mat / Raft', 'garage': True, 'garageSpaces': 2, 'garageType': 'Mixed', 'heating': True, 'heatingType': 'Central', 'roofType': 'Composition Shingle', 'unitCount': 1}"
416,4.0,2954.0,2.0,6250.0,"{'architectureType': 'Ranch', 'cooling': True, 'coolingType': 'Commercial', 'exteriorType': 'Brick / Stone', 'floorCount': 2, 'garage': True, 'garageType': 'Detached', 'roofType': 'Shingle', 'unitCount': 1}"
417,3.0,1792.0,2.0,7497.0,"{'architectureType': 'Traditional', 'cooling': True, 'coolingType': 'Central', 'exteriorType': 'Brick Veneer', 'floorCount': 1, 'foundationType': 'Slab / Mat / Raft', 'garage': True, 'garageSpaces': 2, 'garageType': 'Attached', 'heating': True, 'heatingType': 'Central', 'roomCount': 6, 'unitCount': 1}"
418,4.0,1421.0,3.0,16945.0,"{'architectureType': 'Ranch', 'cooling': True, 'coolingType': 'Package', 'fireplace': True, 'floorCount': 1, 'garage': True, 'garageType': 'Attached', 'heating': True, 'heatingType': 'Forced Air', 'unitCount': 1}"
419,2.0,1294.0,2.0,5097.0,"{'architectureType': 'Other', 'exteriorType': 'Wood', 'fireplace': True, 'floorCount': 1, 'foundationType': 'Pier / Post & Beam', 'garage': True, 'garageSpaces': 1, 'garageType': 'Detached', 'heating': True, 'heatingType': 'Floor / Wall', 'roofType': 'Asphalt', 'roomCount': 6, 'unitCount': 1}"
420,3.0,1771.0,1.5,0.0,unknown
421,4.0,1472.0,2.0,13940.0,"{'architectureType': 'Conventional', 'cooling': True, 'coolingType': 'Commercial', 'exteriorType': 'Wood', 'fireplace': True, 'fireplaceType': '2 Story', 'floorCount': 2, 'garage': True, 'garageSpaces': 1, 'garageType': 'Attached Garage', 'heating': True, 'heatingType': 'Heat Pump', 'roofType': 'Composition Shingle', 'unitCount': 1}"
422,4.0,2092.0,2.0,37026.0,"{'architectureType': 'Conventional', 'cooling': True, 'coolingType': 'Central', 'exteriorType': 'Brick Veneer', 'fireplace': True, 'fireplaceType': 'Single', 'floorCount': 1, 'foundationType': 'Slab / Mat / Raft', 'garage': True, 'garageSpaces': 4, 'garageType': 'Attached', 'heating': True, 'heatingType': 'Central', 'roofType': 'Composition Shingle', 'unitCount': 1}"
423,0.0,0.0,0.0,0.0,{}
424,0.0,445.0,0.0,871.0,{}
425,3.0,1781.0,2.0,7980.0,"{'cooling': True, 'coolingType': 'Central', 'exteriorType': 'Brick Veneer', 'fireplace': True, 'floorCount': 1, 'foundationType': 'Pier / Post & Beam', 'garage': True, 'garageSpaces': 1, 'garageType': 'Attached', 'heating': True, 'heatingType': 'Central', 'roofType': 'Composition Shingle', 'unitCount': 1}"
426,3.0,1662.0,2.0,12632.0,"{'cooling': True, 'coolingType': 'Central', 'exteriorType': 'Brick Veneer', 'fireplace': True, 'fireplaceType': 'Single', 'floorCount': 1, 'foundationType': 'Raised', 'garage': True, 'garageType': 'Garage', 'heating': True, 'heatingType': 'Steam', 'roofType': 'Asphalt', 'unitCount': 1}"
427,2.0,1025.0,2.0,0.0,unknown
428,0.0,0.0,0.0,0.0,{}
429,5.0,3196.0,3.0,10400.0,"{'architectureType': 'Ranch', 'cooling': True, 'coolingType': 'Central', 'exteriorType': 'Wood Frame', 'floorCount': 1, 'foundationType': 'OTHER', 'garage': True, 'garageSpaces': 3, 'garageType': 'Attached', 'heating': True, 'heatingType': 'Forced Air', 'roofType': 'Composition Shingle', 'roomCount': 8}"
430,3.0,1561.0,2.0,5521.0,"{'cooling': True, 'coolingType': 'Central', 'exteriorType': 'Stucco', 'floorCount': 1, 'foundationType': 'Slab / Mat / Raft', 'garage': True, 'garageType': 'Garage', 'roofType': 'Tile', 'unitCount': 1}"
431,5.0,2467.0,4.0,0.0,unknown
432,3.0,1841.0,2.5,8712.0,"{'architectureType': 'Ranch', 'cooling': True, 'coolingType': 'Central', 'exteriorType': 'Stucco', 'floorCount': 1, 'garage': True, 'garageType': 'Attached', 'heating': True, 'heatingType': 'Central', 'roofType': 'Asphalt', 'roomCount': 10}"
433,4.0,1740.0,3.0,5998.0,"{'cooling': True, 'coolingType': 'Central', 'exteriorType': 'Brick', 'floorCount': 1, 'foundationType': 'Slab / Mat / Raft', 'garage': True, 'garageType': 'Garage', 'heating': True, 'heatingType': 'Central', 'roofType': 'Composition Shingle', 'unitCount': 1}"
434,2.0,960.0,2.0,0.0,"{'architectureType': 'Condo / Apartment', 'cooling': True, 'coolingType': 'Central', 'exteriorType': 'Aluminum / Vinyl Siding', 'floorCount': 2, 'garage': True, 'garageSpaces': 1, 'garageType': 'Garage', 'heating': True, 'heatingType': 'Central', 'roofType': 'Composition Shingle', 'unitCount': 1}"
435,3.0,1932.0,2.0,0.0,unknown
436,0.0,0.0,0.0,0.0,{}
437,0.0,3262.0,3.0,9657.0,"{'cooling': True, 'coolingType': 'Commercial', 'fireplace': True, 'floorCount': 2, 'foundationType': 'Slab / Mat / Raft', 'garage': True, 'garageSpaces': 2, 'garageType': 'Attached', 'heating': True, 'heatingType': 'Central', 'pool': True, 'poolType': 'Pool, Concrete', 'roofType': 'Composition Shingle', 'unitCount': 1}"
438,3.0,1624.0,4.0,5793.0,"{'cooling': True, 'coolingType': 'Central', 'exteriorType': 'OTHER', 'floorCount': 2, 'foundationType': 'OTHER', 'garage': True, 'garageType': 'Attached', 'heating': True, 'heatingType': 'Forced Air', 'roofType': 'Composition Shingle', 'unitCount': 1}"
439,3.0,2030.0,2.0,566280.0,"{'exteriorType': 'Brick', 'floorCount': 1, 'foundationType': 'Concrete Block', 'heating': True, 'heatingType': 'Space / Suspended', 'roofType': 'Composition Shingle'}"
440,4.0,2256.0,4.0,7148.0,"{'architectureType': 'Duplex Single', 'cooling': True, 'coolingType': 'Central', 'exteriorType': 'Brick Veneer', 'floorCount': 1, 'foundationType': 'Slab / Mat / Raft', 'heating': True, 'heatingType': 'Central', 'roomCount': 8, 'unitCount': 2}"
441,0.0,1540.0,2.0,6899.0,"{'cooling': True, 'coolingType': 'Refrigeration', 'exteriorType': 'Wood', 'floorCount': 1, 'garage': True, 'garageSpaces': 2, 'garageType': 'Garage', 'heating': True, 'heatingType': 'Forced Air', 'roofType': 'Other', 'roomCount': 5, 'unitCount': 1}"
442,4.0,2895.0,2.0,3484.0,"{'cooling': True, 'coolingType': 'Central', 'floorCount': 2, 'garage': True, 'garageType': 'Garage', 'heating': True, 'heatingType': 'Central', 'roofType': 'Tile'}"
443,3.0,2072.0,2.5,3376.0,"{'cooling': True, 'coolingType': 'Central', 'exteriorType': 'Stucco', 'floorCount': 2, 'garage': True, 'garageType': 'Built-in', 'heating': True, 'heatingType': 'Forced Air', 'roofType': 'Tile', 'roomCount': 7}"
444,5.0,3232.0,3.0,9361.0,"{'cooling': True, 'coolingType': 'Refrigeration', 'exteriorType': 'Stucco', 'floorCount': 2, 'garage': True, 'garageSpaces': 3, 'garageType': 'Garage', 'heating': True, 'heatingType': 'Forced Air', 'pool': True, 'roofType': 'Other', 'roomCount': 9, 'unitCount': 1}"
445,4.0,1548.0,3.0,10001.0,"{'architectureType': 'Split Level', 'cooling': True, 'coolingType': 'Commercial', 'exteriorType': 'Wood', 'fireplace': True, 'fireplaceType': 'Single', 'floorCount': 1, 'foundationType': 'OTHER', 'garage': True, 'garageSpaces': 1, 'garageType': 'Attached', 'heating': True, 'heatingType': 'Forced Air', 'roofType': 'Composition Shingle', 'roomCount': 9}"
446,0.0,0.0,0.0,0.0,{}
447,0.0,0.0,0.0,0.0,{}
448,3.0,1376.0,1.0,960.0,"{'architectureType': 'Condo / Apartment', 'exteriorType': 'Brick', 'floorCount': 2, 'roomCount': 6, 'unitCount': 1, 'viewType': 'Average'}"
449,3.0,1950.0,2.0,165528.0,"{'architectureType': 'Traditional', 'cooling': True, 'coolingType': 'Central', 'exteriorType': 'Brick Veneer', 'fireplace': True, 'fireplaceType': 'Masonry', 'floorCount': 1, 'foundationType': 'Block', 'garage': True, 'garageType': 'Mixed', 'heating': True, 'heatingType': 'Central', 'roofType': 'Metal'}"
450,0.0,0.0,0.0,0.0,{}
451,0.0,0.0,0.0,0.0,{}
452,0.0,0.0,0.0,0.0,{}
453,0.0,0.0,0.0,0.0,{}
454,4.0,2536.0,0.0,10720.0,"{'exteriorType': 'Brick Veneer', 'foundationType': 'Slab / Mat / Raft', 'roofType': 'Shingle', 'roomCount': 7}"
455,2.0,596.0,1.0,0.0,"{'architectureType': 'Condo / Apartment', 'exteriorType': 'Other', 'floorCount': 1, 'foundationType': 'OTHER', 'roofType': 'Built-up (Layered Asphalt)', 'roomCount': 4, 'unitCount': 1, 'viewType': 'Mountain'}"
456,3.0,1482.0,2.0,7596.0,"{'cooling': True, 'exteriorType': 'Other', 'floorCount': 1, 'foundationType': 'OTHER', 'garage': True, 'garageSpaces': 2, 'garageType': 'Attached', 'heating': True, 'roofType': 'Tile', 'coolingType': 'Commercial'}"
457,2.0,1009.0,2.0,0.0,unknown
458,3.0,1290.0,1.0,5000.0,"{'architectureType': 'Bungalow', 'cooling': True, 'coolingType': 'Commercial', 'exteriorType': 'Masonry', 'floorCount': 1, 'garage': True, 'garageSpaces': 2, 'garageType': 'Detached Garage', 'roofType': 'Shingle (Not Wood)', 'unitCount': 1}"
459,0.0,0.0,0.0,0.0,{}
460,0.0,0.0,0.0,0.0,{}
461,4.0,1911.0,2.5,0.0,unknown
462,3.0,1946.0,3.0,39204.0,"{'cooling': True, 'coolingType': 'Central', 'exteriorType': 'Brick', 'floorCount': 1, 'foundationType': 'Raised', 'garage': True, 'garageType': 'Carport', 'heating': True, 'heatingType': 'Central', 'roofType': 'Roll Tar & Gravel', 'roomCount': 6, 'unitCount': 1}"
463,2.0,1059.0,1.0,0.0,unknown
464,4.0,1616.0,3.0,5863.0,"{'architectureType': 'Contemporary', 'cooling': True, 'coolingType': 'Commercial', 'exteriorType': 'Wood', 'floorCount': 1, 'foundationType': 'OTHER', 'garage': True, 'garageSpaces': 2, 'garageType': 'Garage', 'roofType': 'Composition Shingle', 'roomCount': 7, 'unitCount': 1}"
465,0.0,1624.0,2.0,16900.0,"{'cooling': True, 'coolingType': 'Package', 'exteriorType': 'Brick', 'fireplace': True, 'floorCount': 1, 'foundationType': 'Footing', 'garage': True, 'garageSpaces': 1, 'garageType': 'Carport', 'heating': True, 'heatingType': 'Package', 'roofType': 'Composition Shingle', 'unitCount': 1}"
466,5.0,2298.0,3.5,8015.0,"{'cooling': True, 'coolingType': 'Central', 'exteriorType': 'Concrete Block', 'floorCount': 2, 'garage': True, 'garageType': 'Detached Garage', 'roomCount': 10, 'unitCount': 2}"
467,4.0,2012.0,2.5,4356.0,"{'architectureType': '2+ Story', 'cooling': True, 'coolingType': 'Central', 'exteriorType': 'Stucco', 'fireplace': True, 'floorCount': 2, 'garage': True, 'garageSpaces': 1, 'garageType': 'Built-in', 'heating': True, 'heatingType': 'Forced Air', 'roofType': 'Tile', 'roomCount': 7, 'unitCount': 1}"
468,3.0,1379.0,0.0,16800.0,"{'exteriorType': 'Brick Veneer', 'floorCount': 1, 'roomCount': 6, 'unitCount': 1, 'foundationType': 'Slab / Mat / Raft', 'roofType': 'Shingle'}"
469,2.0,914.0,2.0,0.0,"{'architectureType': 'Condo / Apartment', 'cooling': True, 'coolingType': 'Central', 'exteriorType': 'Stucco', 'floorCount': 1, 'heating': True, 'heatingType': 'Forced Air', 'roofType': 'Tile', 'roomCount': 4, 'unitCount': 1}"
470,3.0,1140.0,2.0,13068.0,"{'architectureType': 'Conventional', 'cooling': True, 'coolingType': 'Central', 'exteriorType': 'Aluminum / Vinyl Siding', 'fireplace': True, 'floorCount': 1, 'foundationType': 'Slab / Mat / Raft', 'garage': True, 'garageSpaces': 1, 'garageType': 'Garage', 'heating': True, 'heatingType': 'Forced Air', 'roofType': 'Asphalt', 'roomCount': 5}"
471,0.0,2179.0,2.0,10890.0,"{'cooling': True, 'coolingType': 'Commercial', 'exteriorType': 'Brick', 'floorCount': 1, 'foundationType': 'Slab', 'heating': True, 'heatingType': 'Forced Air', 'roofType': 'Asphalt', 'roomCount': 7}"
472,3.0,1944.0,2.5,0.0,"{'architectureType': 'Condo / Apartment', 'unitCount': 1}"
473,0.0,0.0,0.0,0.0,{}
474,0.0,1352.0,0.0,0.0,"{'architectureType': 'Mobile Home', 'floorCount': 1}"
475,3.0,2977.0,2.0,8403.0,"{'cooling': True, 'coolingType': 'Commercial', 'fireplace': True, 'floorCount': 1, 'foundationType': 'Slab / Mat / Raft', 'garage': True, 'garageSpaces': 2, 'garageType': 'Attached', 'heating': True, 'heatingType': 'Central', 'roofType': 'Composition Shingle', 'unitCount': 1}"
476,4.0,2015.0,2.5,7022.0,"{'architectureType': 'Traditional', 'cooling': True, 'coolingType': 'Central', 'exteriorType': 'Brick', 'fireplace': True, 'floorCount': 2, 'foundationType': 'Slab / Mat / Raft', 'garage': True, 'garageType': 'Attached', 'heating': True, 'heatingType': 'Central', 'roomCount': 8, 'unitCount': 1}"
477,0.0,3343.0,3.0,12354.0,"{'architectureType': 'Colonial', 'exteriorType': 'Aluminum / Vinyl Siding', 'floorCount': 2, 'garage': True, 'garageSpaces': 1, 'garageType': 'Attached Garage', 'heating': True, 'heatingType': 'Forced Air', 'roofType': 'Asphalt', 'unitCount': 1}"
478,3.0,1680.0,3.0,10890.0,"{'architectureType': 'Cape Cod', 'cooling': True, 'coolingType': 'Central', 'exteriorType': 'Aluminum / Vinyl Siding', 'floorCount': 1, 'foundationType': 'Footing', 'garage': True, 'garageSpaces': 1, 'garageType': 'Detached Garage', 'heating': True, 'heatingType': 'Heat Pump', 'roofType': 'Composition Shingle', 'unitCount': 1}"
479,0.0,0.0,0.0,0.0,{}
480,0.0,0.0,0.0,0.0,{}
481,4.0,2548.0,2.0,12807.0,"{'architectureType': 'Split Level', 'cooling': True, 'coolingType': 'Central', 'exteriorType': 'Brick Veneer', 'fireplace': True, 'floorCount': 1, 'foundationType': 'Raised', 'garage': True, 'garageSpaces': 2, 'garageType': 'Attached', 'heating': True, 'heatingType': 'Central', 'roofType': 'Composition Shingle', 'roomCount': 8, 'unitCount': 1}"
482,2.0,1230.0,1.0,8000.0,"{'fireplace': True, 'floorCount': 1, 'garage': True, 'garageSpaces': 1, 'garageType': 'Mixed', 'heating': True, 'heatingType': 'Forced Air', 'unitCount': 1}"
483,0.0,0.0,0.0,0.0,{}
484,3.0,1226.0,2.0,6970.0,"{'architectureType': 'Traditional', 'cooling': True, 'coolingType': 'Commercial', 'exteriorType': 'Aluminum / Vinyl Siding', 'fireplace': True, 'floorCount': 1, 'foundationType': 'Stone', 'garage': True, 'garageType': 'Garage', 'heating': True, 'heatingType': 'Forced Air', 'roofType': 'Composition Shingle', 'unitCount': 1}"
485,2.0,733.0,1.0,200619.0,"{'architectureType': 'Condo / Apartment', 'unitCount': 1}"
486,1.0,507.0,1.0,21438.0,"{'architectureType': 'Condo / Apartment', 'floorCount': 26, 'unitCount': 1}"
487,5.0,2793.0,3.0,5840.0,"{'garage': True, 'garageType': 'Garage', 'unitCount': 1}"
488,3.0,832.0,2.0,0.0,"{'architectureType': 'Mobile Home', 'cooling': True, 'coolingType': 'Central', 'exteriorType': 'Aluminum / Vinyl Siding', 'floorCount': 1, 'foundationType': 'Pier / Post & Beam', 'heating': True, 'heatingType': 'Central', 'roofType': 'Asphalt'}"
489,0.0,1895.0,2.0,6996.0,"{'exteriorType': 'Stucco', 'floorCount': 1, 'heating': True, 'cooling': True, 'coolingType': 'Refrigeration'}"
490,0.0,1056.0,0.0,0.0,"{'architectureType': 'Condo / Apartment', 'floorCount': 32, 'unitCount': 1}"
491,4.0,1680.0,2.0,2500.0,"{'architectureType': 'Quadruplex', 'exteriorType': 'Brick', 'floorCount': 2, 'garage': True, 'garageType': 'Attached', 'heating': True, 'viewType': 'Average'}"
492,0.0,0.0,0.0,0.0,{}
493,4.0,2154.0,2.0,7840.0,"{'cooling': True, 'coolingType': 'Central', 'fireplace': True, 'floorCount': 1, 'garage': True, 'garageSpaces': 2, 'garageType': 'Attached', 'heating': True, 'heatingType': 'Central', 'roofType': 'Tile'}"
494,0.0,0.0,0.0,0.0,{}
495,3.0,1767.0,2.5,5227.0,"{'architectureType': '2+ Story', 'cooling': True, 'coolingType': 'Central', 'exteriorType': 'Stucco', 'fireplace': True, 'floorCount': 2, 'garage': True, 'garageSpaces': 1, 'garageType': 'Built-in', 'heating': True, 'heatingType': 'Forced Air', 'roofType': 'Tile', 'roomCount': 7, 'unitCount': 1}"
496,0.0,936.0,1.0,11326.0,"{'architectureType': 'Cape Cod', 'exteriorType': 'Aluminum / Vinyl Siding', 'roomCount': 7}"
497,2.0,934.0,1.5,0.0,"{'architectureType': 'Ranch', 'garage': True, 'garageSpaces': 1, 'garageType': 'Garage', 'unitCount': 1}"
498,3.0,1326.0,1.5,7318.0,"{'architectureType': 'Colonial', 'cooling': True, 'coolingType': 'Central', 'exteriorType': 'Wood', 'floorCount': 2, 'garage': True, 'garageSpaces': 1, 'garageType': 'Detached', 'heating': True, 'heatingType': 'Central', 'roomCount': 7, 'unitCount': 1}"
499,3.0,3172.0,2.5,16117.0,"{'architectureType': 'Colonial', 'exteriorType': 'Wood', 'fireplace': True, 'floorCount': 2, 'heating': True, 'roomCount': 9}"
